#{"t_start": 1777365480.2934458, "env_id": "None"}
r,l,t
-37672.323154,365,0.089041
-37826.508436,365,0.177306
-39391.179693,365,0.250557
-38878.855309,365,0.326682
-40354.140893,365,0.400929
-38103.90225,365,0.474998
-38199.531599,365,0.548148
-38128.6402,365,0.621372
-37615.402296,365,0.694402
-36880.779154,365,0.766687
-36709.11394,365,0.839543
-39120.353426,365,0.913502
-37080.599803,365,0.985463
-36650.154455,365,1.405683
-39695.29771,365,1.479084
-39464.937799,365,1.55238
-39892.234103,365,1.625065
-38893.544766,365,1.697111
-37884.547463,365,1.770965
-37008.2201,365,1.844535
-39100.793291,365,1.917968
-37440.752953,365,1.991579
-35412.610509,365,2.064556
-37737.080471,365,2.137378
-36246.719416,365,2.210407
-40023.686176,365,2.283002
-39366.121157,365,2.356133
-37609.297259,365,2.774988
-36558.836262,365,2.849102
-40490.848246,365,2.925477
-38177.918409,365,3.001128
-38476.706306,365,3.075673
-37141.559376,365,3.148615
-36866.565336,365,3.22028
-36867.260299,365,3.292335
-38685.4713,365,3.363707
-39113.226427,365,3.436854
-37881.009511,365,3.510075
-38228.204318,365,3.583701
-37921.272117,365,3.655482
-37542.184863,365,3.73402
-37184.666811,365,4.158386
-36250.284917,365,4.231767
-36806.731303,365,4.305839
-39943.457453,365,4.379846
-36190.030425,365,4.451966
-34246.624394,365,4.525482
-36334.010185,365,4.597927
-36691.966122,365,4.669871
-38703.478308,365,4.742771
-35817.222779,365,4.816782
-38387.088091,365,4.889393
-37673.72686,365,4.963048
-35315.988731,365,5.035562
-36849.937575,365,5.457992
-39815.763794,365,5.529806
-38114.764301,365,5.602297
-37277.034841,365,5.674914
-37645.131598,365,5.747249
-37773.743759,365,5.820146
-36403.244851,365,5.89549
-35243.296107,365,5.968167
-37723.48274,365,6.040509
-37624.91918,365,6.112671
-37733.631525,365,6.186088
-36462.799878,365,6.258036
-38123.91932,365,6.331317
-38248.44181,365,6.403693
-36855.055539,365,6.820757
-39567.500999,365,6.893554
-35984.307292,365,6.968245
-35605.66607,365,7.041646
-38652.217264,365,7.114711
-39256.777193,365,7.187367
-36748.732335,365,7.259863
-35439.659577,365,7.3328
-36974.228434,365,7.406112
-37685.984053,365,7.478073
-36815.045313,365,7.550266
-38624.168677,365,7.623438
-38238.080802,365,7.696111
-36277.82435,365,7.768771
-34965.05448,365,8.182421
-37784.743895,365,8.255444
-37643.824617,365,8.328676
-34778.071168,365,8.400785
-36918.122223,365,8.472769
-36871.331503,365,8.546495
-35888.19342,365,8.62115
-36918.078995,365,8.695664
-36689.156463,365,8.769538
-39076.043668,365,8.844226
-36196.71957,365,8.918778
-37523.98577,365,8.99125
-36200.167109,365,9.064709
-34868.436315,365,9.482883
-37779.686196,365,9.555532
-36661.312715,365,9.643696
-37674.849233,365,9.723532
-35839.11698,365,9.838301
-36215.054549,365,9.914716
-34037.086258,365,9.995742
-37166.841436,365,10.082128
-36939.867973,365,10.157072
-35799.298923,365,10.231517
-37072.097715,365,10.305354
-36592.796002,365,10.378412
-37448.105228,365,10.451545
-36467.091755,365,10.524255
-36836.580459,365,10.94291
-36230.194162,365,11.015857
-38936.740649,365,11.088502
-36822.930252,365,11.161265
-36151.696746,365,11.233281
-35927.573701,365,11.305453
-35632.933985,365,11.378183
-36522.503042,365,11.451203
-38105.352639,365,11.52368
-35262.755304,365,11.596647
-37226.578068,365,11.669518
-35113.665698,365,11.741137
-35724.044653,365,11.815165
-37282.178451,365,11.889851
-37088.158529,365,12.311752
-35494.328565,365,12.385142
-37633.778496,365,12.457818
-37581.27949,365,12.530735
-36027.929192,365,12.602828
-35149.077059,365,12.67669
-36032.857547,365,12.75302
-34772.735609,365,12.827875
-35489.384797,365,12.905323
-36055.11694,365,12.978861
-34928.117057,365,13.05177
-36309.694241,365,13.12412
-35170.700413,365,13.196849
-35827.956498,365,13.616461
-34429.608298,365,13.690624
-35851.458891,365,13.765382
-37599.559231,365,13.839226
-37580.34003,365,13.913056
-34841.362036,365,13.984934
-37246.177414,365,14.056678
-34629.644494,365,14.130876
-35732.433294,365,14.205212
-34672.622453,365,14.279406
-35794.861697,365,14.352279
-36494.021862,365,14.426458
-34750.974806,365,14.499409
-37250.127433,365,14.572084
-35630.056452,365,15.002932
-36498.724628,365,15.07566
-38786.779873,365,15.152734
-35242.199141,365,15.227649
-33874.930279,365,15.301756
-38471.651124,365,15.376964
-33393.545958,365,15.455835
-34908.391187,365,15.530765
-34824.598601,365,15.607317
-35464.329282,365,15.682054
-34340.800179,365,15.758235
-34522.687494,365,15.835564
-33433.128663,365,15.909983
-34496.567244,365,15.985827
-37181.291561,365,16.41609
-38161.213473,365,16.488497
-34420.187091,365,16.560892
-33052.643908,365,16.635755
-36631.020034,365,16.710005
-35902.097849,365,16.785142
-33474.528837,365,16.864042
-37214.456599,365,16.948351
-35181.360355,365,17.023748
-34945.725793,365,17.099042
-37100.001937,365,17.175307
-35639.227199,365,17.25152
-30942.914385,365,17.326928
-34883.07344,365,17.403579
-34287.643339,365,17.838875
-35738.658465,365,17.917891
-35817.907538,365,17.993978
-36490.256231,365,18.069998
-34524.600297,365,18.145544
-35863.574685,365,18.221064
-33987.814763,365,18.295849
-36234.9824,365,18.373238
-34048.926937,365,18.451224
-35730.348206,365,18.527769
-35246.659049,365,18.606402
-33629.368739,365,18.682179
-35556.780102,365,18.758606
-37028.217175,365,19.19247
-34889.018,365,19.266238
-34628.659963,365,19.340331
-33906.280745,365,19.416586
-35425.034875,365,19.4934
-32254.323145,365,19.569287
-34932.973004,365,19.645609
-34788.794902,365,19.721653
-33800.982538,365,19.799721
-37674.914696,365,19.876798
-36549.403272,365,19.953607
-33521.308827,365,20.029651
-35765.114613,365,20.105958
-33152.984459,365,20.181956
-35868.562019,365,20.614987
-35172.947396,365,20.689045
-34261.176123,365,20.764369
-33852.317993,365,20.842522
-34348.166385,365,20.920005
-33851.009147,365,20.996901
-32506.210695,365,21.07119
-33257.927869,365,21.145526
-36944.594527,365,21.221279
-34905.942356,365,21.295755
-34380.769687,365,21.370837
-34207.472351,365,21.444879
-34268.774607,365,21.518325
-37476.554663,365,21.591734
-34639.103292,365,22.017785
-34860.394716,365,22.093766
-34153.590604,365,22.169292
-34795.070558,365,22.245801
-34093.61884,365,22.32145
-33569.781347,365,22.396139
-36947.438514,365,22.470651
-33412.01405,365,22.543656
-36563.079751,365,22.617052
-32635.662028,365,22.68887
-36197.74443,365,22.761819
-32794.080494,365,22.834011
-34344.499292,365,22.907207
-34101.415819,365,23.321306
-32335.788137,365,23.394181
-34188.91569,365,23.466099
-35695.851834,365,23.539014
-36529.979987,365,23.612172
-35790.177523,365,23.684361
-33374.706622,365,23.757227
-36636.532779,365,23.831168
-36087.531098,365,23.906508
-33384.886436,365,23.981112
-34902.547733,365,24.054418
-35981.080219,365,24.129197
-35014.054333,365,24.204688
-34140.799342,365,24.279018
-33520.519755,365,24.699111
-33332.738541,365,24.772034
-35854.769931,365,24.846049
-36352.798042,365,24.919989
-34204.436115,365,24.993462
-34955.858006,365,25.065652
-35242.024164,365,25.137219
-34515.521031,365,25.209084
-32728.31063,365,25.280979
-34759.953763,365,25.35242
-33308.47528,365,25.424545
-32552.017403,365,25.497462
-34901.915615,365,25.569415
-35246.45099,365,25.641202
-35537.226763,365,26.060529
-33125.733209,365,26.134788
-33276.771106,365,26.208647
-36489.043282,365,26.280926
-35602.11768,365,26.352472
-31609.12643,365,26.424927
-34310.8579,365,26.497945
-34760.343024,365,26.571163
-36176.8973,365,26.64432
-30594.892607,365,26.717199
-34214.023555,365,26.790257
-34486.937943,365,26.866592
-33451.804344,365,26.941327
-33168.026542,365,27.364016
-35797.414293,365,27.437057
-35437.389704,365,27.51028
-33702.314716,365,27.582723
-34399.422061,365,27.6566
-32440.878569,365,27.729108
-33808.180781,365,27.802222
-32234.238424,365,27.876025
-33336.760126,365,27.949106
-34305.087922,365,28.022669
-34178.313336,365,28.09494
-33991.359447,365,28.167126
-33786.162035,365,28.239347
-35270.440465,365,28.311952
-35216.520037,365,28.731166
-36984.234269,365,28.804879
-32837.489307,365,28.878497
-33592.530321,365,28.952219
-30994.028863,365,29.026094
-35936.76621,365,29.098559
-35458.592572,365,29.170977
-32226.14773,365,29.244858
-31882.353189,365,29.317424
-37264.207883,365,29.389411
-33670.803003,365,29.462832
-32164.91357,365,29.536443
-33949.43315,365,29.608102
-33665.794129,365,29.681748
-31977.469826,365,30.11975
-33166.010832,365,30.193496
-34200.665376,365,30.266342
-33090.973615,365,30.339567
-32836.674955,365,30.412599
-33494.961865,365,30.484843
-33339.590731,365,30.55654
-36120.030439,365,30.628021
-31727.48256,365,30.699453
-35648.308941,365,30.770869
-35514.277997,365,30.842391
-32887.632971,365,30.914874
-32834.601788,365,30.98648
-33165.766793,365,31.058829
-34102.573103,365,31.474656
-36056.828711,365,31.546422
-35255.964293,365,31.619072
-31690.754192,365,31.690963
-31614.078826,365,31.763528
-32895.508712,365,31.835335
-34429.028733,365,31.907392
-33460.24619,365,31.981076
-33727.798179,365,32.05256
-34793.404581,365,32.124156
-33187.255662,365,32.196092
-33828.873998,365,32.267788
-33087.777835,365,32.341179
-32748.020416,365,32.759107
-35533.194148,365,32.833294
-32927.230911,365,32.907593
-34907.60961,365,32.981999
-34023.202311,365,33.0557
-33584.87602,365,33.129264
-33406.127171,365,33.202438
-32389.576115,365,33.274892
-31566.379409,365,33.347439
-33637.91242,365,33.421004
-31474.324264,365,33.4925
-34173.463687,365,33.564991
-32388.847875,365,33.638248
-33179.387489,365,33.710356
-33861.620006,365,34.128068
-34116.880779,365,34.212785
-32633.690301,365,34.318758
-32018.219808,365,34.393934
-32409.683771,365,34.467682
-32570.064262,365,34.541761
-32356.897052,365,34.615264
-32184.086841,365,34.689019
-32075.87159,365,34.838559
-33714.369309,365,34.917979
-33738.369556,365,34.99444
-33712.221086,365,35.072402
-32844.721426,365,35.147605
-32210.001508,365,35.224479
-32853.429504,365,35.650894
-32121.713487,365,35.724927
-31438.590975,365,35.800179
-33632.100671,365,35.879507
-33934.178705,365,35.955773
-32771.953007,365,36.031322
-31909.188047,365,36.105992
-33878.943506,365,36.180017
-33273.195165,365,36.253863
-34419.763306,365,36.328393
-33058.128345,365,36.401891
-34545.570574,365,36.475526
-33333.937229,365,36.548943
-33152.194194,365,36.96732
-32350.208109,365,37.041179
-31761.837035,365,37.115652
-33099.855801,365,37.189859
-33159.814546,365,37.263457
-31151.892336,365,37.337607
-31557.234412,365,37.412759
-32725.008661,365,37.489955
-33350.470506,365,37.566793
-30636.20774,365,37.641913
-32620.151534,365,37.716048
-33948.991446,365,37.790813
-34573.020903,365,37.865475
-32922.070328,365,37.940207
-31304.66581,365,38.44886
-31986.217125,365,38.52436
-34088.128629,365,38.600033
-34258.174526,365,38.675984
-32938.536696,365,38.750254
-33772.566505,365,38.82493
-33622.063812,365,38.900478
-29554.409796,365,38.974752
-31642.941025,365,39.048976
-31229.498045,365,39.12429
-32159.304906,365,39.19918
-32983.980627,365,39.272972
-34384.034493,365,39.34654
-32141.490147,365,39.418666
-32879.248899,365,39.839815
-33579.454488,365,39.912666
-31618.022806,365,39.985036
-30508.549505,365,40.067158
-32483.661576,365,40.142021
-32272.123207,365,40.215975
-31832.586235,365,40.291228
-30965.328278,365,40.366098
-32459.028027,365,40.440001
-32423.505403,365,40.51396
-31088.115567,365,40.642928
-30745.803557,365,40.720461
-31891.213021,365,40.798001
-31550.468355,365,41.229672
-28841.941369,365,41.304162
-31322.349691,365,41.478164
-31634.108842,365,41.55593
-32650.027371,365,41.632034
-31448.316114,365,41.71013
-31257.368463,365,41.786687
-32747.217188,365,41.863052
-30984.697876,365,41.939127
-31483.177328,365,42.016525
-31135.93772,365,42.095949
-32467.555862,365,42.172976
-33018.306205,365,42.249677
-31606.771018,365,42.326098
-32259.561118,365,42.763072
-31895.807174,365,42.838581
-31915.117885,365,42.915005
-30404.780183,365,42.991492
-30163.098591,365,43.068211
-31667.168712,365,43.146724
-33036.863857,365,43.222684
-32603.191678,365,43.299444
-30351.921761,365,43.375656
-32547.066459,365,43.449731
-32373.774771,365,43.524213
-32764.178622,365,43.597645
-30405.027266,365,43.670787
-32728.355757,365,43.743212
-32514.607494,365,44.165349
-29676.730889,365,44.240914
-32839.04705,365,44.338369
-30772.550824,365,44.4156
-29743.12548,365,44.490785
-30378.516662,365,44.570011
-32699.040097,365,44.646627
-31406.376904,365,44.722837
-30770.785008,365,44.800243
-30526.015128,365,44.877854
-31622.682095,365,44.953534
-29161.726277,365,45.028001
-32682.04366,365,45.102967
-32696.63387,365,45.178238
-32888.250718,365,45.601782
-31290.812031,365,45.678054
-30653.392717,365,45.754955
-30826.163446,365,45.831383
-30286.023616,365,45.907979
-29757.758748,365,45.984523
-30552.970937,365,46.059519
-30705.272088,365,46.136666
-31385.366991,365,46.213733
-33514.020424,365,46.289961
-30981.403036,365,46.366351
-31082.690907,365,46.44249
-31955.159966,365,46.517119
-31833.565716,365,46.936914
-31822.774196,365,47.010525
-31348.151825,365,47.084225
-27580.309023,365,47.158217
-31307.347869,365,47.231773
-32152.728587,365,47.305151
-31583.601678,365,47.378392
-31724.010259,365,47.451801
-29793.587334,365,47.526215
-31533.796436,365,47.600303
-31240.806807,365,47.674486
-32437.787961,365,47.748971
-29767.31372,365,47.824968
-30594.115423,365,47.900284
-30396.354184,365,48.322966
-31177.968002,365,48.396717
-29952.316605,365,48.470492
-34004.184344,365,48.544748
-31371.722738,365,48.620656
-30390.417157,365,48.695031
-33242.985358,365,48.768592
-31681.241942,365,48.841743
-30577.10246,365,48.915503
-31765.174688,365,48.989595
-30333.935148,365,49.063807
-31476.351683,365,49.137024
-31372.424394,365,49.211046
-30656.597354,365,49.284829
-30473.01122,365,49.705282
-30620.786077,365,49.778801
-32964.851634,365,49.853919
-31872.883446,365,49.928207
-29876.328901,365,50.0026
-32758.9515,365,50.077069
-30844.637665,365,50.150827
-32765.960687,365,50.224923
-30736.592193,365,50.298044
-30066.341431,365,50.398262
-31705.54691,365,50.472443
-29520.155429,365,50.54672
-30641.972423,365,50.620245
-27585.189476,365,51.04483
-30523.640907,365,51.118492
-32440.001747,365,51.19269
-31200.521049,365,51.266985
-29838.777621,365,51.341636
-30064.630569,365,51.416352
-30643.999236,365,51.490951
-29724.26724,365,51.565107
-29535.79206,365,51.638966
-29114.94604,365,51.712943
-31242.930517,365,51.78688
-29041.636351,365,51.860802
-31208.966527,365,51.934265
-28867.844543,365,52.00806
-30443.264314,365,52.435696
-29902.870167,365,52.509998
-31878.648753,365,52.584306
-31144.926133,365,52.660524
-31832.819327,365,52.737729
-32269.903436,365,52.814318
-29605.176736,365,52.888852
-28430.204667,365,52.96437
-31139.9443,365,53.041026
-30872.282138,365,53.116993
-30809.663664,365,53.19154
-30997.295724,365,53.266246
-28592.766301,365,53.339868
-31646.449808,365,53.4141
-28640.927718,365,53.832817
-29796.97067,365,53.907694
-31218.670586,365,53.982727
-29860.506417,365,54.057177
-30244.488429,365,54.1315
-30151.309823,365,54.205455
-30726.176304,365,54.279804
-29607.201683,365,54.354113
-31591.121615,365,54.427327
-31258.747309,365,54.501496
-30432.533809,365,54.576033
-30343.927168,365,54.649859
-31705.94833,365,54.724209
-27703.276332,365,55.144405
