method,seed,kind,scenario,cost,viol,eff,tlp_gap,time
Rule,0,nominal,-1,26.912994764016766,20,0.8160751673210399,4903.718823740728,0.0023059844970703125
Rule,0,perturb,0,26.932118491139164,20,0.8161353871272435,4872.371145810943,0.0023059844970703125
Rule,0,perturb,1,27.49716846941775,20,0.8163449750739143,4862.833999680606,0.0023059844970703125
Rule,0,perturb,2,27.0154169091143,20,0.8155654120877659,4937.572999285876,0.0023059844970703125
Rule,0,perturb,3,26.724953529662187,20,0.8162313506114639,4886.860990153691,0.0023059844970703125
Rule,0,perturb,4,27.53841356798287,20,0.8164921250198741,4906.94307112199,0.0023059844970703125
Rule,0,perturb,5,27.122669684414603,20,0.816771860050603,4813.042671906038,0.0023059844970703125
GA,0,nominal,-1,6.182487583542594,0,0.850877928394128,0.038080475404058234,11.582166194915771
GA,0,perturb,0,6.188292336340275,0,0.8507131391622756,26.900957657226172,11.582166194915771
GA,0,perturb,1,6.178809340626798,0,0.8497230102901662,37.704202637189155,11.582166194915771
GA,0,perturb,2,6.171431262974176,0,0.8511030382808965,4.492780612425122,11.582166194915771
GA,0,perturb,3,10.062107383243038,0,0.8509543900813893,15.81685011290756,11.582166194915771
GA,0,perturb,4,6.17377822046769,0,0.8503303396991422,32.86979097078802,11.582166194915771
GA,0,perturb,5,6.199384497279158,0,0.849461648894344,74.71572197465866,11.582166194915771
GA,1,nominal,-1,5.708107848100386,0,0.847781495594659,0.004345386498243897,11.419777870178223
GA,1,perturb,0,5.710012671141185,0,0.8471944887997896,21.167880082151896,11.419777870178223
GA,1,perturb,1,3.5835442959695305,0,0.8467552540477822,44.6443720612333,11.419777870178223
GA,1,perturb,2,4.6617203828203,0,0.8496051658741456,19.824713431064083,11.419777870178223
GA,1,perturb,3,9.586324103204424,0,0.8482456345546021,15.714796491967718,11.419777870178223
GA,1,perturb,4,3.5773991301859187,0,0.8461433540799699,29.133988398963993,11.419777870178223
GA,1,perturb,5,5.723462853737201,0,0.846190562651083,77.59075079923969,11.419777870178223
GA,2,nominal,-1,5.94399190470973,0,0.8451685595316117,0.025684355317935115,11.555233001708984
GA,2,perturb,0,5.950215013737825,0,0.8460432845517852,42.621108287537936,11.555233001708984
GA,2,perturb,1,4.05640335626343,0,0.8446556520376349,40.18919688089227,11.555233001708984
GA,2,perturb,2,4.98548141147589,0,0.8465981140020323,15.449050379218534,11.555233001708984
GA,2,perturb,3,8.9934134205703,0,0.8453604461907253,16.106348131088453,11.555233001708984
GA,2,perturb,4,4.046933467563237,0,0.8448068778249125,3.6384339119958895,11.555233001708984
GA,2,perturb,5,5.967129888530342,0,0.8439794819853753,92.1376051041807,11.555233001708984
MPC,0,nominal,-1,6.019762296868296,2,0.8490458376409974,127.81650978381913,6.717649698257446
MPC,0,perturb,0,6.730184497724367,2,0.8505189267779479,87.74817678063664,6.717649698257446
MPC,0,perturb,1,8.289593596333614,2,0.8501010896892259,95.55542580551628,6.717649698257446
MPC,0,perturb,2,7.61650813559118,2,0.8504898749183001,80.45213204217725,6.717649698257446
MPC,0,perturb,3,9.027722317775606,2,0.8504934528836757,77.596048277921,6.717649698257446
MPC,0,perturb,4,7.794578021425167,2,0.8500832182788499,99.10660026302139,6.717649698257446
MPC,0,perturb,5,5.977879304505333,2,0.849791980986884,137.56217848548658,6.717649698257446
DP-oracle,0,nominal,-1,6.019762296868296,2,0.8490458376409974,127.81650978381913,6.756494045257568
DP-oracle,0,perturb,0,6.730184497724367,2,0.8505189267779479,87.74817678063664,6.756494045257568
DP-oracle,0,perturb,1,3.6853540002285117,0,0.8467000215024275,9.499321620409319,6.756494045257568
DP-oracle,0,perturb,2,4.555360836064468,0,0.8520844375179223,40.201896285365365,6.756494045257568
DP-oracle,0,perturb,3,7.667661159047816,3,0.8485400519401592,33.846113415274885,6.756494045257568
DP-oracle,0,perturb,4,3.3061057088246115,0,0.8460789243830654,38.20828009822799,6.756494045257568
DP-oracle,0,perturb,5,5.99140761311741,2,0.8498145551246895,131.4747930462072,6.756494045257568
SAC,0,nominal,-1,4.851209332285346,0,0.8402812596982092,237.91799002121115,0.004670143127441406
SAC,0,perturb,0,6.0324801255739295,0,0.8436853344378985,61.02161786522629,0.004670143127441406
SAC,0,perturb,1,3.1911183194351826,0,0.8423206612145305,73.35511567780668,0.004670143127441406
SAC,0,perturb,2,3.6681687893575234,0,0.8417325279492021,46.849873059145466,0.004670143127441406
SAC,0,perturb,3,7.513088724860342,0,0.8404800228013155,329.64740609096407,0.004670143127441406
SAC,0,perturb,4,3.044551129539023,0,0.8426143285927351,80.10421599435722,0.004670143127441406
SAC,0,perturb,5,6.496823322275757,0,0.841566311639145,65.71823951320039,0.004670143127441406
TD3,0,nominal,-1,0.0,0,0.8325102926238541,1706.428757442447,0.0032689571380615234
TD3,0,perturb,0,0.0,0,0.8332775893875249,1746.5402786456743,0.0032689571380615234
TD3,0,perturb,1,0.0,0,0.8317659681015162,1740.6819379629633,0.0032689571380615234
TD3,0,perturb,2,0.0,0,0.8341125494690554,1695.4726210662193,0.0032689571380615234
TD3,0,perturb,3,0.0,0,0.832571031385096,1719.6415435891795,0.0032689571380615234
TD3,0,perturb,4,0.0,0,0.8321514784445198,1702.762037635086,0.0032689571380615234
TD3,0,perturb,5,0.0,0,0.8308855879940394,1786.440022487648,0.0032689571380615234
PPO,0,nominal,-1,7.781380427377299,0,0.8401507888610178,17.009858594627076,0.003271818161010742
PPO,0,perturb,0,7.758550538128915,0,0.8438029338101835,87.8379105434451,0.003271818161010742
PPO,0,perturb,1,3.8334550139335297,0,0.8394724169345983,54.514509907983665,0.003271818161010742
PPO,0,perturb,2,3.8293022449267577,0,0.8416751823617981,3.029243287128338,0.003271818161010742
PPO,0,perturb,3,11.598510447360727,0,0.8402610608252227,31.609824584184025,0.003271818161010742
PPO,0,perturb,4,3.8314374540197518,0,0.8397822962698784,12.945103266465594,0.003271818161010742
PPO,0,perturb,5,7.795593652845545,0,0.8387238257658819,106.08976765717671,0.003271818161010742
Constrained-SAC,0,nominal,-1,20.455621178052105,0,0.8455838891784798,684.33453330665,0.0046808719635009766
Constrained-SAC,0,perturb,0,20.809616691376473,1,0.8444251658378926,483.2174336047101,0.0046808719635009766
Constrained-SAC,0,perturb,1,20.840359547832556,1,0.8482772382371438,962.6836899626942,0.0046808719635009766
Constrained-SAC,0,perturb,2,20.57046798112102,1,0.8447902696021116,594.0094213556495,0.0046808719635009766
Constrained-SAC,0,perturb,3,21.99815969449656,1,0.8429925211915866,515.0761469195386,0.0046808719635009766
Constrained-SAC,0,perturb,4,20.797003303948493,1,0.8453349369338955,700.0381267946104,0.0046808719635009766
Constrained-SAC,0,perturb,5,22.293966875530767,2,0.8428510958916692,729.7399022700847,0.0046808719635009766
Distilled-MPC,0,nominal,-1,6.141121103061832,3,0.8492658671271434,10.697635823835299,0.0033388137817382812
Distilled-MPC,0,perturb,0,5.748429610898735,2,0.8543536307958884,108.97098286230903,0.0033388137817382812
Distilled-MPC,0,perturb,1,7.6102076145737225,1,0.8508170168717317,152.93474819280527,0.0033388137817382812
Distilled-MPC,0,perturb,2,6.8592441325361,2,0.8492529012283324,156.93553809808145,0.0033388137817382812
Distilled-MPC,0,perturb,3,9.33971220941527,1,0.8496620064105181,39.56307807624398,0.0033388137817382812
Distilled-MPC,0,perturb,4,7.458870622111386,1,0.8488366275227003,91.44847662621032,0.0033388137817382812
Distilled-MPC,0,perturb,5,5.753809476771028,0,0.8529005581214855,132.22486760179163,0.0033388137817382812
SAC,1,nominal,-1,2.189868110017348,0,0.8376712839850663,672.0957928053613,0.004538059234619141
SAC,1,perturb,0,1.989812826116422,0,0.8384952572087739,770.677239793029,0.004538059234619141
SAC,1,perturb,1,2.3179911834635436,0,0.842144326076169,384.8953991546532,0.004538059234619141
SAC,1,perturb,2,2.7007212424425324,0,0.8418987648826554,328.5097522626347,0.004538059234619141
SAC,1,perturb,3,5.3404081568582304,0,0.8404116938514296,539.6455037779724,0.004538059234619141
SAC,1,perturb,4,2.195271630037068,0,0.8399863716768543,505.7263261441658,0.004538059234619141
SAC,1,perturb,5,2.1825845401418285,0,0.8361812614907445,760.1346822536798,0.004538059234619141
TD3,1,nominal,-1,0.0,0,0.8325102926238541,1706.428757442447,0.0032491683959960938
TD3,1,perturb,0,0.0,0,0.8332775893875249,1746.5402786456743,0.0032491683959960938
TD3,1,perturb,1,0.0,0,0.8317659681015162,1740.6819379629633,0.0032491683959960938
TD3,1,perturb,2,0.0,0,0.8341125494690554,1695.4726210662193,0.0032491683959960938
TD3,1,perturb,3,0.0,0,0.832571031385096,1719.6415435891795,0.0032491683959960938
TD3,1,perturb,4,0.0,0,0.8321514784445198,1702.762037635086,0.0032491683959960938
TD3,1,perturb,5,0.0,0,0.8308855879940394,1786.440022487648,0.0032491683959960938
PPO,1,nominal,-1,7.781380427377299,0,0.8401507888610178,17.009858594627076,0.0032410621643066406
PPO,1,perturb,0,6.3420906737160445,0,0.84108946261155,154.8226010034814,0.0032410621643066406
PPO,1,perturb,1,3.8334550139335297,0,0.8394724169345983,54.514509907983665,0.0032410621643066406
PPO,1,perturb,2,3.8293022449267577,0,0.8416751823617981,3.029243287128338,0.0032410621643066406
PPO,1,perturb,3,11.598510447360727,0,0.8402610608252227,31.609824584184025,0.0032410621643066406
PPO,1,perturb,4,3.8314374540197518,0,0.8397822962698784,12.945103266465594,0.0032410621643066406
PPO,1,perturb,5,7.795593652845545,0,0.8387238257658819,106.08976765717671,0.0032410621643066406
Constrained-SAC,1,nominal,-1,10.698684899797012,1,0.8463266635771479,6.098602392077737,0.004623889923095703
Constrained-SAC,1,perturb,0,10.748790578691489,1,0.845760002326369,22.48046043753493,0.004623889923095703
Constrained-SAC,1,perturb,1,11.827327828834473,1,0.8495726622972254,235.70836594048706,0.004623889923095703
Constrained-SAC,1,perturb,2,11.24258310610243,0,0.8508180214946957,50.25248550959077,0.004623889923095703
Constrained-SAC,1,perturb,3,10.586445745941685,0,0.8483967030938029,354.34515459298746,0.004623889923095703
Constrained-SAC,1,perturb,4,11.233957854441291,0,0.8506340045287538,187.76731915572964,0.004623889923095703
Constrained-SAC,1,perturb,5,10.992376599617293,0,0.8467374215401288,21.02638088961612,0.004623889923095703
Distilled-MPC,1,nominal,-1,6.232803350711579,2,0.8493449576250655,4.278857003646408,0.003718137741088867
Distilled-MPC,1,perturb,0,6.349067716612601,4,0.8494372144199619,14.25966661685743,0.003718137741088867
Distilled-MPC,1,perturb,1,7.648017999536876,2,0.8498426028625375,47.6283118467818,0.003718137741088867
Distilled-MPC,1,perturb,2,6.57547602892901,2,0.8495091683860148,184.50247084267357,0.003718137741088867
Distilled-MPC,1,perturb,3,8.994916785930316,3,0.84942665462725,8.49597698026264,0.003718137741088867
Distilled-MPC,1,perturb,4,7.650599413018928,2,0.8496054315204081,63.92981603302542,0.003718137741088867
Distilled-MPC,1,perturb,5,5.43710676112021,2,0.8503442225501328,179.16243674675934,0.003718137741088867
SAC,2,nominal,-1,6.323016644906438,0,0.84295756906887,43.95569495500604,0.004550933837890625
SAC,2,perturb,0,6.803694264743458,0,0.8437988019595161,49.69906118615836,0.004550933837890625
SAC,2,perturb,1,1.8957000701043463,0,0.841842105541034,547.2016647703313,0.004550933837890625
SAC,2,perturb,2,3.228250343525348,0,0.8418551515264688,170.0195390065619,0.004550933837890625
SAC,2,perturb,3,8.42400297931933,0,0.8431457363839808,180.7435387858677,0.004550933837890625
SAC,2,perturb,4,1.8983358229188303,0,0.8422342070293073,498.9836955578867,0.004550933837890625
SAC,2,perturb,5,6.8709427472586935,0,0.8416302751907069,74.89366580515889,0.004550933837890625
TD3,2,nominal,-1,0.0,0,0.8325102926238541,1706.428757442447,0.003265857696533203
TD3,2,perturb,0,0.0,0,0.8332775893875249,1746.5402786456743,0.003265857696533203
TD3,2,perturb,1,0.0,0,0.8317659681015162,1740.6819379629633,0.003265857696533203
TD3,2,perturb,2,0.0,0,0.8341125494690554,1695.4726210662193,0.003265857696533203
TD3,2,perturb,3,0.0,0,0.832571031385096,1719.6415435891795,0.003265857696533203
TD3,2,perturb,4,0.0,0,0.8321514784445198,1702.762037635086,0.003265857696533203
TD3,2,perturb,5,0.0,0,0.8308855879940394,1786.440022487648,0.003265857696533203
PPO,2,nominal,-1,7.781380427377299,0,0.8401507888610178,17.009858594627076,0.003237009048461914
PPO,2,perturb,0,8.350909907165937,0,0.8437572131676783,153.7633312475973,0.003237009048461914
PPO,2,perturb,1,3.8334550139335297,0,0.8394724169345983,54.514509907983665,0.003237009048461914
PPO,2,perturb,2,3.8293022449267577,0,0.8416751823617981,3.029243287128338,0.003237009048461914
PPO,2,perturb,3,11.598510447360727,0,0.8402610608252227,31.609824584184025,0.003237009048461914
PPO,2,perturb,4,3.8314374540197518,0,0.8397822962698784,12.945103266465594,0.003237009048461914
PPO,2,perturb,5,7.795593652845545,0,0.8387238257658819,106.08976765717671,0.003237009048461914
Constrained-SAC,2,nominal,-1,12.057404673562251,0,0.8573947471645198,379.8694205343563,0.0045969486236572266
Constrained-SAC,2,perturb,0,13.05033310279628,2,0.8576231679726104,161.12809728954198,0.0045969486236572266
Constrained-SAC,2,perturb,1,12.22875624584351,0,0.8568522333099139,394.69784327850175,0.0045969486236572266
Constrained-SAC,2,perturb,2,14.264111343964236,2,0.8560587430699825,70.67805576902174,0.0045969486236572266
Constrained-SAC,2,perturb,3,13.17814853321019,0,0.8572535602056824,46.879628667064026,0.0045969486236572266
Constrained-SAC,2,perturb,4,11.121708800472575,0,0.8572570094163247,160.1649290521582,0.0045969486236572266
Constrained-SAC,2,perturb,5,12.957273550609873,2,0.8574131785961706,266.65778394709196,0.0045969486236572266
Distilled-MPC,2,nominal,-1,6.26263265790465,3,0.8493649636323403,18.154916908504674,0.0029609203338623047
Distilled-MPC,2,perturb,0,5.644523390422826,2,0.8484829723658995,168.9133974670367,0.0029609203338623047
Distilled-MPC,2,perturb,1,7.666308138009999,2,0.8499313812993156,58.84991506432743,0.0029609203338623047
Distilled-MPC,2,perturb,2,6.712522535764578,2,0.8497871022778615,193.6814082226556,0.0029609203338623047
Distilled-MPC,2,perturb,3,8.773302381269186,3,0.8493986463866579,3.9691647179042775,0.0029609203338623047
Distilled-MPC,2,perturb,4,8.05504569908868,1,0.8496311615770988,54.387882937206086,0.0029609203338623047
Distilled-MPC,2,perturb,5,6.2053260671362285,2,0.8501934616906072,43.55718690735375,0.0029609203338623047
