commanded_alpha,realized_alpha,p_source,q0,Qin,head,omega,omega_raw,phi,eta,power_kwh,feasible_on
1.0,1.0,100.0,0.0,0.0,0.0,5000.0,5000.0,0.0,0.88,0.0,0
1.005,1.0,100.5,70.8,708.0,0.689,5000.0,663.2,0.1416,0.88,0.0025,0
1.01,1.0,101.0,100.25,1002.5,1.375,5000.0,937.6,0.2005,0.88,0.007,0
1.015,1.0,101.5,122.93,1229.3,2.058,5000.0,1148.1,0.2459,0.88,0.0129,0
1.02,1.0,102.0,142.13,1421.3,2.739,5000.0,1325.4,0.2843,0.877,0.02,0
1.025,1.0,102.5,159.1,1591.0,3.417,5000.0,1481.5,0.3182,0.8514,0.0287,0
1.03,1.0,103.0,174.5,1745.0,4.093,5000.0,1622.5,0.349,0.8326,0.0386,0
1.035,1.0,103.5,188.71,1887.1,4.766,5000.0,1752.1,0.3774,0.8187,0.0494,0
1.04,1.0,104.0,201.99,2019.9,5.437,5000.0,1872.7,0.404,0.8085,0.0611,0
1.045,1.0,104.5,214.51,2145.1,6.105,5000.0,1985.9,0.429,0.8011,0.0736,0
1.05,1.0,105.0,226.38,2263.8,6.771,5000.0,2092.9,0.4528,0.7961,0.0867,0
1.055,1.0,105.5,237.72,2377.2,7.434,5000.0,2194.6,0.4754,0.7928,0.1003,0
1.06,1.0,106.0,248.6,2486.0,8.095,5000.0,2291.8,0.4972,0.791,0.1145,0
1.065,1.0,106.5,259.06,2590.6,8.754,5000.0,2384.9,0.5181,0.7904,0.1291,0
1.07,1.0,107.0,269.17,2691.7,9.41,5000.0,2474.5,0.5383,0.7907,0.1441,0
1.075,1.0,107.5,278.95,2789.5,10.064,5000.0,2561.0,0.5579,0.7919,0.1595,0
1.08,1.0,108.0,288.44,2884.4,10.715,5000.0,2644.5,0.5769,0.7937,0.1752,0
1.085,1.0,108.5,297.68,2976.8,11.365,5000.0,2725.5,0.5954,0.7961,0.1912,0
1.09,1.0,109.0,306.68,3066.8,12.012,5000.0,2804.1,0.6134,0.7989,0.2075,0
1.095,1.0,109.5,315.46,3154.6,12.656,5000.0,2880.6,0.6309,0.802,0.224,0
1.1,1.0,110.0,324.04,3240.4,13.299,5000.0,2955.0,0.6481,0.8054,0.2408,0
1.105,1.0,110.5,332.43,3324.3,13.939,5000.0,3027.6,0.6649,0.809,0.2577,0
1.11,1.0,111.0,340.66,3406.6,14.577,5000.0,3098.5,0.6813,0.8127,0.2749,0
1.115,1.0,111.5,348.73,3487.3,15.212,5000.0,3167.7,0.6975,0.8165,0.2924,0
1.12,1.0,112.0,356.65,3566.5,15.846,5000.0,3235.5,0.7133,0.8204,0.31,0
1.125,1.0,112.5,364.43,3644.3,16.477,5000.0,3301.9,0.7289,0.8242,0.3279,0
1.13,1.0,113.0,372.09,3720.9,17.106,5000.0,3367.0,0.7442,0.828,0.3459,0
1.135,1.0,113.5,379.62,3796.2,17.733,5000.0,3430.8,0.7592,0.8317,0.3643,0
1.14,1.0,114.0,387.04,3870.4,18.358,5000.0,3493.5,0.7741,0.8353,0.3828,0
1.145,1.0,114.5,394.35,3943.5,18.981,5000.0,3555.0,0.7887,0.8387,0.4016,0
1.15,1.0,115.0,401.56,4015.6,19.602,5000.0,3615.5,0.8031,0.842,0.4207,0
1.155,1.0,115.5,408.67,4086.7,20.22,5000.0,3675.0,0.8173,0.8451,0.44,0
1.16,1.0,116.0,415.69,4156.9,20.837,5000.0,3733.6,0.8314,0.848,0.4597,0
1.165,1.0,116.5,422.63,4226.3,21.451,5000.0,3791.3,0.8453,0.8506,0.4796,0
1.17,1.0,117.0,429.48,4294.8,22.064,5000.0,3848.1,0.859,0.853,0.4999,0
1.175,1.0,117.5,436.25,4362.5,22.674,5000.0,3904.1,0.8725,0.8551,0.5205,0
1.18,1.0,118.0,442.94,4429.4,23.283,5000.0,3959.3,0.8859,0.857,0.5415,0
1.185,1.0,118.5,449.57,4495.7,23.889,5000.0,4013.8,0.8991,0.8585,0.5629,0
1.19,1.0,119.0,456.12,4561.2,24.494,5000.0,4067.6,0.9122,0.8598,0.5848,0
1.195,1.0,119.5,462.61,4626.1,25.097,5000.0,4120.6,0.9252,0.8607,0.607,0
1.2,1.0,120.0,469.04,4690.4,25.697,5000.0,4173.1,0.9381,0.8612,0.6298,0
1.205,1.0,120.5,475.41,4754.1,26.296,5000.0,4224.8,0.9508,0.8614,0.653,0
1.21,1.0,121.0,481.72,4817.2,26.893,5000.0,4276.0,0.9634,0.8613,0.6769,0
1.215,1.0,121.5,487.97,4879.7,27.488,5000.0,4326.6,0.9759,0.8607,0.7013,0
1.22,1.0,122.0,494.17,4941.7,28.081,5000.0,4376.6,0.9883,0.8598,0.7263,0
1.225,1.0,122.5,500.31,5003.1,28.672,5000.0,4426.1,1.0006,0.8585,0.7519,0
1.23,1.0,123.0,506.41,5064.1,29.261,5000.0,4475.1,1.0128,0.8567,0.7783,0
1.235,1.0,123.5,512.46,5124.6,29.849,5000.0,4523.5,1.0249,0.8546,0.8054,0
1.24,1.0,124.0,518.46,5184.6,30.435,5000.0,4571.5,1.0369,0.852,0.8334,0
1.245,1.0,124.5,524.42,5244.2,31.018,5000.0,4619.0,1.0488,0.849,0.8622,0
1.25,1.0,125.0,530.33,5303.3,31.6,5000.0,4666.0,1.0607,0.8455,0.8919,0
1.255,1.0,125.5,536.2,5362.0,32.181,5000.0,4712.6,1.0724,0.8416,0.9226,0
1.26,1.0,126.0,542.03,5420.3,32.759,5000.0,4758.8,1.0841,0.8373,0.9544,0
1.265,1.0,126.5,547.83,5478.3,33.336,5000.0,4804.6,1.0957,0.8324,0.9872,0
1.27,1.0,127.0,553.58,5535.8,33.911,5000.0,4849.9,1.1072,0.8271,1.0213,0
1.275,1.0,127.5,559.3,5593.0,34.484,5000.0,4894.9,1.1186,0.8213,1.0567,0
1.28,1.0,128.0,564.98,5649.8,35.056,5000.0,4939.5,1.13,0.815,1.0935,0
1.285,1.0,128.5,570.62,5706.2,35.626,5000.0,4983.7,1.1412,0.8083,1.1318,0
1.29,1.29,129.0,576.24,5762.4,36.194,5027.5,5027.5,1.1462,0.8051,1.1657,1
1.295,1.295,129.5,581.82,5818.2,36.76,5071.1,5071.1,1.1473,0.8044,1.1965,1
1.3,1.3,130.0,587.37,5873.7,37.325,5114.2,5114.2,1.1485,0.8036,1.2276,1
1.305,1.305,130.5,592.88,5928.8,37.888,5157.1,5157.1,1.1497,0.8029,1.2591,1
1.31,1.31,131.0,598.37,5983.7,38.449,5199.6,5199.6,1.1508,0.8021,1.2908,1
1.315,1.315,131.5,603.83,6038.3,39.009,5241.8,5241.8,1.1519,0.8013,1.3228,1
1.32,1.32,132.0,609.26,6092.6,39.567,5283.8,5283.8,1.1531,0.8006,1.3551,1
1.325,1.325,132.5,614.66,6146.6,40.124,5325.4,5325.4,1.1542,0.7998,1.3876,1
1.33,1.33,133.0,620.04,6200.4,40.679,5366.8,5366.8,1.1553,0.799,1.4205,1
1.335,1.335,133.5,625.39,6253.9,41.232,5407.8,5407.8,1.1565,0.7983,1.4536,1
1.34,1.34,134.0,630.71,6307.1,41.784,5448.6,5448.6,1.1576,0.7975,1.4871,1
1.345,1.345,134.5,636.01,6360.1,42.334,5489.2,5489.2,1.1587,0.7967,1.5208,1
1.35,1.35,135.0,641.29,6412.9,42.882,5529.4,5529.4,1.1598,0.7959,1.5548,1
1.355,1.355,135.5,646.54,6465.4,43.429,5569.4,5569.4,1.1609,0.7952,1.589,1
1.36,1.36,136.0,651.77,6517.7,43.975,5609.2,5609.2,1.162,0.7944,1.6236,1
1.365,1.365,136.5,656.97,6569.7,44.519,5648.8,5648.8,1.163,0.7936,1.6584,1
1.37,1.37,137.0,662.16,6621.6,45.061,5688.1,5688.1,1.1641,0.7928,1.6935,1
1.375,1.375,137.5,667.32,6673.2,45.602,5727.1,5727.1,1.1652,0.7921,1.7289,1
1.38,1.38,138.0,672.46,6724.6,46.141,5766.0,5766.0,1.1662,0.7913,1.7646,1
1.385,1.385,138.5,677.58,6775.8,46.679,5804.6,5804.6,1.1673,0.7905,1.8005,1
1.39,1.39,139.0,682.68,6826.8,47.215,5843.0,5843.0,1.1684,0.7897,1.8367,1
1.395,1.395,139.5,687.76,6877.6,47.75,5881.3,5881.3,1.1694,0.7889,1.8732,1
1.4,1.4,140.0,692.82,6928.2,48.283,5919.3,5919.3,1.1705,0.7881,1.91,1
1.405,1.405,140.5,697.86,6978.6,48.815,5957.1,5957.1,1.1715,0.7874,1.947,1
1.41,1.41,141.0,702.89,7028.9,49.346,5994.7,5994.7,1.1725,0.7866,1.9843,1
1.415,1.415,141.5,707.89,7078.9,49.875,6032.1,6032.1,1.1735,0.7858,2.0219,1
1.42,1.42,142.0,712.88,7128.8,50.402,6069.3,6069.3,1.1746,0.785,2.0597,1
1.425,1.425,142.5,717.85,7178.5,50.929,6106.4,6106.4,1.1756,0.7842,2.0979,1
1.43,1.43,143.0,722.81,7228.1,51.453,6143.3,6143.3,1.1766,0.7834,2.1362,1
1.435,1.435,143.5,727.74,7277.4,51.977,6180.0,6180.0,1.1776,0.7826,2.1749,1
1.44,1.44,144.0,732.67,7326.7,52.499,6216.5,6216.5,1.1786,0.7819,2.2138,1
1.445,1.445,144.5,737.57,7375.7,53.019,6252.9,6252.9,1.1796,0.7811,2.253,1
1.45,1.45,145.0,742.46,7424.6,53.538,6289.0,6289.0,1.1806,0.7803,2.2925,1
1.455,1.455,145.5,747.34,7473.4,54.056,6325.1,6325.1,1.1815,0.7795,2.3322,1
1.46,1.46,146.0,752.2,7522.0,54.572,6361.0,6361.0,1.1825,0.7787,2.3722,1
1.465,1.465,146.5,757.04,7570.4,55.088,6396.7,6396.7,1.1835,0.7779,2.4125,1
1.47,1.47,147.0,761.87,7618.7,55.601,6432.2,6432.2,1.1845,0.7771,2.453,1
1.475,1.475,147.5,766.69,7666.9,56.114,6467.7,6467.7,1.1854,0.7763,2.4938,1
1.48,1.48,148.0,771.49,7714.9,56.625,6502.9,6502.9,1.1864,0.7755,2.5348,1
1.485,1.485,148.5,776.28,7762.8,57.134,6538.1,6538.1,1.1873,0.7747,2.5761,1
1.49,1.49,149.0,781.06,7810.6,57.643,6573.0,6573.0,1.1883,0.774,2.6177,1
1.495,1.495,149.5,785.82,7858.2,58.15,6607.9,6607.9,1.1892,0.7732,2.6596,1
1.5,1.5,150.0,790.57,7905.7,58.656,6642.6,6642.6,1.1901,0.7724,2.7017,1
1.505,1.505,150.5,795.31,7953.1,59.16,6677.2,6677.2,1.1911,0.7716,2.7441,1
1.51,1.51,151.0,800.03,8000.3,59.663,6711.6,6711.6,1.192,0.7708,2.7867,1
1.515,1.515,151.5,804.74,8047.4,60.165,6746.0,6746.0,1.1929,0.77,2.8296,1
1.52,1.52,152.0,809.44,8094.4,60.666,6780.2,6780.2,1.1938,0.7692,2.8728,1
1.525,1.525,152.5,814.13,8141.3,61.165,6814.2,6814.2,1.1948,0.7684,2.9162,1
1.53,1.53,153.0,818.81,8188.1,61.663,6848.2,6848.2,1.1957,0.7676,2.9599,1
1.535,1.535,153.5,823.48,8234.8,62.16,6882.0,6882.0,1.1966,0.7668,3.0038,1
1.54,1.54,154.0,828.13,8281.3,62.656,6915.7,6915.7,1.1975,0.766,3.048,1
1.545,1.545,154.5,832.77,8327.7,63.15,6949.3,6949.3,1.1984,0.7653,3.0925,1
1.55,1.55,155.0,837.41,8374.1,63.643,6982.8,6982.8,1.1992,0.7645,3.1372,1
1.555,1.555,155.5,842.03,8420.3,64.135,7016.2,7016.2,1.2001,0.7637,3.1822,1
1.56,1.56,156.0,846.64,8466.4,64.626,7049.4,7049.4,1.201,0.7629,3.2274,1
1.565,1.565,156.5,851.24,8512.4,65.115,7082.6,7082.6,1.2019,0.7621,3.2729,1
1.57,1.57,157.0,855.83,8558.3,65.604,7115.7,7115.7,1.2027,0.7613,3.3187,1
1.575,1.575,157.5,860.41,8604.1,66.091,7148.6,7148.6,1.2036,0.7605,3.3647,1
1.58,1.58,158.0,864.99,8649.9,66.577,7181.4,7181.4,1.2045,0.7597,3.411,1
1.585,1.585,158.5,869.55,8695.5,67.061,7214.2,7214.2,1.2053,0.7589,3.4575,1
1.59,1.59,159.0,874.1,8741.0,67.545,7246.8,7246.8,1.2062,0.7582,3.5043,1
1.595,1.595,159.5,878.64,8786.4,68.027,7279.4,7279.4,1.207,0.7574,3.5514,1
1.6,1.6,160.0,883.18,8831.8,68.509,7311.8,7311.8,1.2079,0.7566,3.5987,1
1.605,1.605,160.5,887.7,8877.0,68.989,7344.2,7344.2,1.2087,0.7558,3.6463,1
1.61,1.61,161.0,892.22,8922.2,69.468,7376.5,7376.5,1.2095,0.755,3.6941,1
1.615,1.615,161.5,896.72,8967.2,69.945,7408.6,7408.6,1.2104,0.7542,3.7422,1
1.62,1.62,162.0,901.22,9012.2,70.422,7440.7,7440.7,1.2112,0.7534,3.7905,1
1.625,1.625,162.5,905.71,9057.1,70.898,7472.7,7472.7,1.212,0.7527,3.8391,1
1.63,1.63,163.0,910.19,9101.9,71.372,7504.6,7504.6,1.2128,0.7519,3.888,1
1.635,1.635,163.5,914.67,9146.7,71.845,7536.5,7536.5,1.2137,0.7511,3.9371,1
1.64,1.64,164.0,919.13,9191.3,72.317,7568.2,7568.2,1.2145,0.7503,3.9864,1
1.645,1.645,164.5,923.59,9235.9,72.789,7599.9,7599.9,1.2153,0.7495,4.0361,1
1.65,1.65,165.0,928.04,9280.4,73.258,7631.4,7631.4,1.2161,0.7488,4.0859,1
1.655,1.655,165.5,932.48,9324.8,73.727,7662.9,7662.9,1.2169,0.748,4.1361,1
1.66,1.66,166.0,936.91,9369.1,74.195,7694.4,7694.4,1.2177,0.7472,4.1865,1
1.665,1.665,166.5,941.34,9413.4,74.662,7725.7,7725.7,1.2184,0.7464,4.2371,1
1.67,1.67,167.0,945.75,9457.5,75.127,7757.0,7757.0,1.2192,0.7456,4.288,1
1.675,1.675,167.5,950.16,9501.6,75.592,7788.2,7788.2,1.22,0.7449,4.3392,1
1.68,1.68,168.0,954.57,9545.7,76.055,7819.3,7819.3,1.2208,0.7441,4.3906,1
1.685,1.685,168.5,958.96,9589.6,76.518,7850.3,7850.3,1.2216,0.7433,4.4422,1
1.69,1.69,169.0,963.35,9633.5,76.979,7881.3,7881.3,1.2223,0.7425,4.4941,1
1.695,1.695,169.5,967.74,9677.4,77.44,7912.2,7912.2,1.2231,0.7418,4.5463,1
1.7,1.7,170.0,972.11,9721.1,77.899,7943.0,7943.0,1.2239,0.741,4.5987,1
1.705,1.705,170.5,976.48,9764.8,78.357,7973.8,7973.8,1.2246,0.7402,4.6514,1
1.71,1.71,171.0,980.84,9808.4,78.814,8004.5,8004.5,1.2254,0.7395,4.7044,1
1.715,1.715,171.5,985.2,9852.0,79.27,8035.1,8035.1,1.2261,0.7387,4.7576,1
1.72,1.72,172.0,989.55,9895.5,79.726,8065.6,8065.6,1.2269,0.7379,4.811,1
1.725,1.725,172.5,993.89,9938.9,80.18,8096.1,8096.1,1.2276,0.7372,4.8647,1
1.73,1.73,173.0,998.22,9982.2,80.633,8126.5,8126.5,1.2283,0.7364,4.9186,1
1.735,1.735,173.5,1002.55,10025.5,81.085,8156.9,8156.9,1.2291,0.7356,4.9728,1
1.74,1.74,174.0,1006.88,10068.8,81.536,8187.2,8187.2,1.2298,0.7349,5.0273,1
1.745,1.745,174.5,1011.19,10111.9,81.986,8217.4,8217.4,1.2305,0.7341,5.082,1
1.75,1.75,175.0,1015.5,10155.0,82.435,8247.6,8247.6,1.2313,0.7333,5.137,1
1.755,1.755,175.5,1019.81,10198.1,82.884,8277.7,8277.7,1.232,0.7326,5.1922,1
1.76,1.76,176.0,1024.11,10241.1,83.331,8307.8,8307.8,1.2327,0.7318,5.2477,1
1.765,1.765,176.5,1028.4,10284.0,83.777,8337.8,8337.8,1.2334,0.731,5.3034,1
1.77,1.77,177.0,1032.69,10326.9,84.222,8367.7,8367.7,1.2341,0.7303,5.3594,1
1.775,1.775,177.5,1036.97,10369.7,84.666,8397.6,8397.6,1.2348,0.7295,5.4156,1
1.78,1.78,178.0,1041.25,10412.5,85.11,8427.5,8427.5,1.2355,0.7288,5.4721,1
1.785,1.785,178.5,1045.52,10455.2,85.552,8457.2,8457.2,1.2362,0.728,5.5288,1
1.79,1.79,179.0,1049.79,10497.9,85.993,8486.9,8486.9,1.2369,0.7273,5.5858,1
1.795,1.795,179.5,1054.05,10540.5,86.434,8516.6,8516.6,1.2376,0.7265,5.643,1
1.8,1.8,180.0,1058.3,10583.0,86.873,8546.2,8546.2,1.2383,0.7258,5.7005,1
1.805,1.805,180.5,1062.55,10625.5,87.312,8575.8,8575.8,1.239,0.725,5.7583,1
1.81,1.81,181.0,1066.79,10667.9,87.749,8605.3,8605.3,1.2397,0.7243,5.8163,1
1.815,1.815,181.5,1071.03,10710.3,88.186,8634.7,8634.7,1.2404,0.7235,5.8745,1
1.82,1.82,182.0,1075.27,10752.7,88.622,8664.2,8664.2,1.2411,0.7228,5.933,1
1.825,1.825,182.5,1079.5,10795.0,89.057,8693.5,8693.5,1.2417,0.722,5.9917,1
1.83,1.83,183.0,1083.72,10837.2,89.491,8722.8,8722.8,1.2424,0.7213,6.0507,1
1.835,1.835,183.5,1087.94,10879.4,89.924,8752.1,8752.1,1.2431,0.7205,6.11,1
1.84,1.84,184.0,1092.15,10921.5,90.356,8781.3,8781.3,1.2437,0.7198,6.1695,1
1.845,1.845,184.5,1096.36,10963.6,90.787,8810.5,8810.5,1.2444,0.719,6.2293,1
1.85,1.85,185.0,1100.57,11005.7,91.217,8839.6,8839.6,1.245,0.7183,6.2893,1
1.855,1.855,185.5,1104.77,11047.7,91.647,8868.6,8868.6,1.2457,0.7176,6.3495,1
1.86,1.86,186.0,1108.96,11089.6,92.075,8897.7,8897.7,1.2464,0.7168,6.41,1
1.865,1.865,186.5,1113.15,11131.5,92.503,8926.6,8926.6,1.247,0.7161,6.4708,1
1.87,1.87,187.0,1117.34,11173.4,92.93,8955.6,8955.6,1.2476,0.7154,6.5318,1
1.875,1.875,187.5,1121.52,11215.2,93.356,8984.5,8984.5,1.2483,0.7146,6.5931,1
1.88,1.88,188.0,1125.7,11257.0,93.781,9013.3,9013.3,1.2489,0.7139,6.6546,1
1.885,1.885,188.5,1129.87,11298.7,94.205,9042.1,9042.1,1.2496,0.7132,6.7164,1
1.89,1.89,189.0,1134.04,11340.4,94.628,9070.9,9070.9,1.2502,0.7124,6.7784,1
1.895,1.895,189.5,1138.21,11382.1,95.05,9099.6,9099.6,1.2508,0.7117,6.8406,1
1.9,1.9,190.0,1142.37,11423.7,95.472,9128.3,9128.3,1.2515,0.711,6.9032,1
1.905,1.905,190.5,1146.52,11465.2,95.893,9156.9,9156.9,1.2521,0.7102,6.9659,1
1.91,1.91,191.0,1150.67,11506.7,96.313,9185.5,9185.5,1.2527,0.7095,7.0289,1
1.915,1.915,191.5,1154.82,11548.2,96.732,9214.1,9214.1,1.2533,0.7088,7.0922,1
1.92,1.92,192.0,1158.97,11589.7,97.15,9242.6,9242.6,1.2539,0.7081,7.1557,1
1.925,1.925,192.5,1163.1,11631.0,97.567,9271.1,9271.1,1.2545,0.7073,7.2195,1
1.93,1.93,193.0,1167.24,11672.4,97.984,9299.5,9299.5,1.2552,0.7066,7.2835,1
1.935,1.935,193.5,1171.37,11713.7,98.399,9327.9,9327.9,1.2558,0.7059,7.3478,1
1.94,1.94,194.0,1175.5,11755.0,98.814,9356.3,9356.3,1.2564,0.7052,7.4123,1
1.945,1.945,194.5,1179.62,11796.2,99.228,9384.6,9384.6,1.257,0.7045,7.4771,1
1.95,1.95,195.0,1183.74,11837.4,99.641,9400.0,9412.9,1.2593,0.7017,7.5644,1
1.955,1.955,195.5,1187.86,11878.6,100.054,9400.0,9441.2,1.2637,0.6963,7.6805,1
1.96,1.96,196.0,1191.97,11919.7,100.465,9400.0,9469.4,1.2681,0.6909,7.7997,1
1.965,1.965,196.5,1196.08,11960.8,100.876,9400.0,9497.6,1.2724,0.6854,7.9221,1
1.97,1.97,197.0,1200.19,12001.9,101.286,9400.0,9525.7,1.2768,0.6797,8.0479,1
1.975,1.975,197.5,1204.29,12042.9,101.695,9400.0,9553.9,1.2812,0.674,8.1772,1
1.98,1.98,198.0,1208.39,12083.9,102.104,9400.0,9581.9,1.2855,0.6681,8.3101,1
1.985,1.985,198.5,1212.48,12124.8,102.511,9400.0,9610.0,1.2899,0.6622,8.4469,1
1.99,1.99,199.0,1216.57,12165.7,102.918,9400.0,9638.0,1.2942,0.6561,8.5876,1
1.995,1.995,199.5,1220.66,12206.6,103.324,9400.0,9666.0,1.2986,0.6499,8.7326,1
2.0,2.0,200.0,1224.74,12247.4,103.729,9400.0,9693.9,1.3029,0.6436,8.882,1
