method,hour,alpha,p2,p3,linepack,purchase_cost,cum_cost
DP-oracle,0,1.0,100.0,97.0,8880.0,0.0,0.0
DP-oracle,1,1.0,97.83,96.97,8770.0,0.0,0.0
DP-oracle,2,1.0,99.6,95.66,8806.7,0.0,0.0
DP-oracle,3,1.0,98.38,95.89,8754.6,0.0,0.0
DP-oracle,4,1.0,98.95,95.35,8761.3,0.0,0.0
DP-oracle,5,1.0,98.63,95.06,8733.7,0.0,0.0
DP-oracle,6,1.0,98.61,94.25,8700.4,0.0,0.0
DP-oracle,7,1.0,98.37,92.99,8637.9,0.0,0.0
DP-oracle,8,1.0,98.04,91.08,8545.2,0.0,0.0
DP-oracle,9,1.0,97.58,88.88,8434.4,0.0,0.0
DP-oracle,10,1.0,97.07,86.89,8329.0,0.0,0.0
DP-oracle,11,1.0,96.6,85.48,8248.9,0.0,0.0
DP-oracle,12,1.0,96.23,84.51,8191.8,0.0,0.0
DP-oracle,13,1.0,95.96,83.65,8144.1,0.0,0.0
DP-oracle,14,1.0,95.73,82.66,8093.1,0.0,0.0
DP-oracle,15,1.27,103.22,81.56,8423.2,1.3837,1.3837
DP-oracle,16,1.31,108.97,81.88,8723.6,1.4434,2.8272
DP-oracle,17,1.33,113.32,82.92,8982.8,1.401,4.2282
DP-oracle,18,1.0,98.87,84.56,8325.9,0.0,4.2282
DP-oracle,19,1.0,96.41,83.78,8171.7,0.0,4.2282
DP-oracle,20,1.0,95.9,83.62,8139.6,0.0,4.2282
DP-oracle,21,1.0,95.71,84.37,8160.0,0.0,4.2282
DP-oracle,22,1.0,95.76,85.67,8215.0,0.0,4.2282
DP-oracle,23,1.61,110.24,87.2,9000.1,1.1558,5.384
MPC,0,1.0,100.0,97.0,8880.0,0.0,0.0
MPC,1,1.0,97.83,96.97,8770.0,0.0,0.0
MPC,2,1.0,99.6,95.66,8806.7,0.0,0.0
MPC,3,1.0,98.38,95.89,8754.6,0.0,0.0
MPC,4,1.0,98.95,95.35,8761.3,0.0,0.0
MPC,5,1.0,98.63,95.06,8733.7,0.0,0.0
MPC,6,1.0,98.61,94.25,8700.4,0.0,0.0
MPC,7,1.0,98.37,92.99,8637.9,0.0,0.0
MPC,8,1.0,98.04,91.08,8545.2,0.0,0.0
MPC,9,1.0,97.58,88.88,8434.4,0.0,0.0
MPC,10,1.0,97.07,86.89,8329.0,0.0,0.0
MPC,11,1.0,96.6,85.48,8248.9,0.0,0.0
MPC,12,1.0,96.23,84.51,8191.8,0.0,0.0
MPC,13,1.0,95.96,83.65,8144.1,0.0,0.0
MPC,14,1.0,95.73,82.66,8093.1,0.0,0.0
MPC,15,1.27,103.22,81.56,8423.2,1.3837,1.3837
MPC,16,1.31,108.97,81.88,8723.6,1.4434,2.8272
MPC,17,1.33,113.32,82.92,8982.8,1.401,4.2282
MPC,18,1.0,98.87,84.56,8325.9,0.0,4.2282
MPC,19,1.0,96.41,83.78,8171.7,0.0,4.2282
MPC,20,1.0,95.9,83.62,8139.6,0.0,4.2282
MPC,21,1.0,95.71,84.37,8160.0,0.0,4.2282
MPC,22,1.0,95.76,85.67,8215.0,0.0,4.2282
MPC,23,1.61,110.24,87.2,9000.1,1.1558,5.384
Constrained-SAC,0,1.3034,111.82,97.0,9471.2,0.3747,0.3747
Constrained-SAC,1,1.0,99.77,100.47,9007.3,0.0,0.3747
Constrained-SAC,2,1.3223,113.1,96.4,9511.0,0.413,0.7877
Constrained-SAC,3,1.3704,118.75,100.14,9943.1,0.3906,1.1783
Constrained-SAC,4,1.0,103.99,104.27,9370.2,0.0,1.1783
Constrained-SAC,5,1.3615,117.11,100.16,9861.6,0.4547,1.633
Constrained-SAC,6,1.4473,123.71,103.19,10313.0,0.5083,2.1413
Constrained-SAC,7,1.451,128.33,106.32,10669.3,0.4508,2.5921
Constrained-SAC,8,1.0,110.53,108.86,9880.6,0.0,2.5921
Constrained-SAC,9,1.0,102.16,104.75,9297.7,0.0,2.5921
Constrained-SAC,10,1.3102,115.83,95.66,9617.8,1.4799,4.0721
Constrained-SAC,11,1.3749,120.46,96.71,9891.6,1.5007,5.5727
Constrained-SAC,12,1.3833,123.66,98.74,10132.4,1.4033,6.976
Constrained-SAC,13,1.0,106.71,101.06,9378.1,0.0,6.976
Constrained-SAC,14,1.3606,115.59,98.64,9725.0,1.7143,8.6903
Constrained-SAC,15,1.3758,120.75,98.88,9992.7,1.5166,10.2069
Constrained-SAC,16,1.0,104.98,99.88,9244.1,0.0,10.2069
Constrained-SAC,17,1.3758,114.66,96.49,9592.9,1.9002,12.1071
Constrained-SAC,18,1.4004,120.49,96.42,9881.4,1.7407,13.8478
Constrained-SAC,19,1.4279,124.86,98.0,10163.1,1.7412,15.589
Constrained-SAC,20,1.0,107.37,101.15,9414.4,0.0,15.589
Constrained-SAC,21,1.4447,117.82,100.68,9917.9,2.4059,17.9949
Constrained-SAC,22,1.0,103.53,103.77,9327.4,0.0,17.9949
Constrained-SAC,23,1.0,100.36,99.74,9007.8,0.0,17.9949
Distilled-MPC,0,1.0,100.0,97.0,8880.0,0.0,0.0
Distilled-MPC,1,1.0,97.83,96.97,8770.0,0.0,0.0
Distilled-MPC,2,1.0,99.6,95.66,8806.7,0.0,0.0
Distilled-MPC,3,1.0,98.38,95.89,8754.6,0.0,0.0
Distilled-MPC,4,1.0,98.95,95.35,8761.3,0.0,0.0
Distilled-MPC,5,1.0,98.63,95.06,8733.7,0.0,0.0
Distilled-MPC,6,1.0,98.61,94.25,8700.4,0.0,0.0
Distilled-MPC,7,1.0,98.37,92.99,8637.9,0.0,0.0
Distilled-MPC,8,1.0,98.04,91.08,8545.2,0.0,0.0
Distilled-MPC,9,1.0,97.58,88.88,8434.4,0.0,0.0
Distilled-MPC,10,1.0,97.07,86.89,8329.0,0.0,0.0
Distilled-MPC,11,1.0,96.6,85.48,8248.9,0.0,0.0
Distilled-MPC,12,1.0,96.23,84.51,8191.8,0.0,0.0
Distilled-MPC,13,1.0,95.96,83.65,8144.1,0.0,0.0
Distilled-MPC,14,1.0,95.73,82.66,8093.1,0.0,0.0
Distilled-MPC,15,1.0,95.5,81.56,8037.4,0.0,0.0
Distilled-MPC,16,1.3689,104.93,80.36,8460.8,2.1814,2.1814
Distilled-MPC,17,1.0,94.4,80.91,7956.2,0.0,2.1814
Distilled-MPC,18,1.3665,104.02,79.34,8374.8,2.1989,4.3803
Distilled-MPC,19,1.0,93.95,80.36,7912.3,0.0,4.3803
Distilled-MPC,20,1.0,94.44,80.31,7934.4,0.0,4.3803
Distilled-MPC,21,1.0,94.65,81.36,7986.8,0.0,4.3803
Distilled-MPC,22,1.3074,103.08,83.02,8474.6,0.4254,4.8057
Distilled-MPC,23,1.4039,111.09,86.6,9018.6,0.5527,5.3584
