day,phase,baseline_rate_10k,requested_rate_10k,actual_rate_10k,baseline_pressure_mpa,actual_pressure_mpa,inventory,compressor_4500_load,compressor_4000_load,renewable_share,station_power_kwh,grid_power_kwh,startup_shutdown_cost_yuan,operating_cost_yuan,penalty,inference_time_ms,reward
1,extraction,795.3,795.8183144739945,795.8183144739945,25.0,24.64538823706108,0.9926313119030186,0.5120294690132141,0.5720294713973999,0.4907820119179007,134025.8965627378,68248.39739857688,6000.0,34664.32690740229,18.414862482131046,0.029500000000126647,-34.47305285212491
2,extraction,801.7829268292683,802.3093802009221,802.3093802009221,24.63529411764706,24.34861023628308,0.9852025213456026,0.5130182504653931,0.5730182528495789,0.4918110301119327,130977.45936376511,66561.30015262798,0.0,27955.74606410375,0.08006449408184776,0.026166999999910345,-14.208305578874876
3,extraction,808.2658536585366,808.8005036867502,808.8005036867502,24.270588235294117,24.051496680668397,0.9777136277929475,0.5139554738998413,0.5739554762840271,0.49285461806576336,131218.5047727637,66546.85871982269,0.0,27949.68066232553,0.07890026423491983,0.025582999999995693,-14.218479207487155
4,extraction,814.7487804878049,815.2916847983475,815.2916847983474,23.905882352941177,23.754047560260943,0.9701646307114813,0.5148411393165588,0.5748411417007446,0.49391237106384267,131449.03278871113,66524.72932999002,0.0,27940.386318595807,0.07773937664952861,0.025042000000086162,-14.22691177792756
5,extraction,821.2317073170731,821.7829233452205,821.7829233452205,23.541176470588233,23.456262866030368,0.9625555295693959,0.5156752467155457,0.5756752490997314,0.49498400002363496,131669.04341014446,66494.97362370552,0.0,27927.888921956317,0.07658185302663166,0.025208000000054298,-14.233611499410443
6,extraction,827.7146341463414,828.2742191928799,828.27421919288,23.176470588235293,23.158142588193694,0.9548863238361285,0.5164578557014465,0.5764578580856323,0.49606921586260455,131878.54879537824,66457.66050535673,0.0,27912.217412249825,0.07542974645232689,0.0248339999999736,-14.23859035223129
7,extraction,834.1975609756097,834.7655720902993,834.7655720902994,22.811764705882354,22.859686718736764,0.9471570129834406,0.5171888470649719,0.5771888494491577,0.49716767168170867,132077.5246237896,66412.84922509658,0.0,27893.396674540563,0.074276993885829,0.02462500000000034,-14.241848599939326
8,extraction,840.680487804878,841.2569819589935,841.2569819589935,22.44705882352941,22.560895247215313,0.9393675964838203,0.5178683400154114,0.5778683423995972,0.49827907839841146,132265.99521347083,66360.61701505388,0.0,27871.459146322628,0.07313173282389908,0.024542000000016273,-14.243406153329644
9,extraction,847.1634146341463,847.7484485447665,847.7484485447662,22.08235294117647,22.261768165794035,0.9315180738121095,0.5184962749481201,0.5784962773323059,0.4994030312971632,132443.94840312214,66301.03909363787,0.0,27846.436419327903,0.07198790007178088,0.02733300000001826,-14.243266290615603
10,extraction,853.6463414634146,854.2399717090535,854.2399717090534,21.71764705882353,21.96230546505047,0.923608444444433,0.5190725922584534,0.5790725946426392,0.5005392412954279,132611.37203233186,66234.17648812274,0.0,27818.354125011552,0.07084552182323944,0.027082999999983315,-14.241436150928505
11,extraction,860.1292682926829,860.7315512532099,860.7315512532099,21.352941176470587,21.662507136493574,0.9156387078587551,0.5195974111557007,0.5795974135398865,0.5016874193106703,132768.29041826943,66160.10943203825,0.0,27787.245961456065,0.06971069896437271,0.027167000000050123,-14.237933908515958
12,extraction,866.6121951219511,867.223187037312,867.2231870373118,20.988235294117647,21.362373170885082,0.9076088635343356,0.5200706720352173,0.5800706744194031,0.5028471606273399,132914.6914005127,66078.91622410578,0.0,27753.144814124425,0.06857737785844029,0.026916000000154483,-14.232763159253699
13,extraction,873.0951219512194,873.7148788604516,873.7148788604516,20.623529411764707,21.061903559919863,0.8995189109522943,0.5204923748970032,0.580492377281189,0.5040181183463943,133050.57497751876,65990.6745324439,0.0,27716.083303626434,0.06744760611792856,0.02725000000003419,-14.225936145730788
14,extraction,879.5780487804877,880.2066265199084,880.2066265199084,20.258823529411764,20.761098295388617,0.8913688495956285,0.5208625197410583,0.5808625221252441,0.5052000033852977,133175.94114773063,65895.45522905691,0.0,27676.091196203903,0.06632140470351444,0.02458300000007796,-14.21746199955634
15,extraction,886.060975609756,886.6984298111513,886.6984298111512,19.894117647058824,20.45995736917877,0.883158678949229,0.5211811661720276,0.5811811685562134,0.5063924110285001,133290.8020689251,65793.35144131954,0.0,27633.207605354204,0.06520082103915013,0.02437500000018744,-14.207355927048697
16,extraction,892.5439024390244,893.1902886525247,893.1902886525246,19.52941176470588,20.158480771592497,0.8748883984987426,0.5214481949806213,0.5814481973648071,0.5075949943769587,133395.13342178,65684.43142263792,0.0,27587.461197507924,0.06407980605816,0.02408300000000807,-14.195619106164907
17,extraction,899.0268292682927,899.6822027129991,899.6822027129992,19.16470588235294,19.85666849638953,0.8665580077328815,0.5216636657714844,0.5816636681556702,0.5088074065316305,133488.94736310048,65568.78225464399,0.0,27538.88854695047,0.0629644503303789,0.025291000000038366,-14.182269776998405
18,extraction,905.5097560975609,906.1741719091077,906.1741719091077,18.8,19.55452053406959,0.8581675061411305,0.5218275785446167,0.5818275809288025,0.5100293005934731,133572.24389224558,65446.48576118276,0.0,27487.524019696757,0.061852757713079264,0.02458300000007796,-14.167316554030844
19,extraction,911.9926829268292,912.6661960317912,912.6661960317911,18.435294117647057,19.252036876908775,0.8497168932149102,0.5219399333000183,0.5819399356842041,0.5112603296634431,133645.02300760974,65317.62448686073,0.0,27433.402284481508,0.06074474874581127,0.024208000000136565,-14.150770140421928
20,extraction,918.4756097560975,919.1582749343331,919.158274934333,18.070588235294117,18.949217516442513,0.8412061684469997,0.5220007300376892,0.582000732421875,0.5125000890259912,133707.28470806612,65182.28939175868,0.0,27376.561544538643,0.059640448789587755,0.02420799999991452,-14.132642490455693
21,extraction,924.9585365853658,925.6504082761951,925.6504082761952,17.705882352941174,18.64606244682904,0.8326353313333312,0.5220099687576294,0.5820099711418152,0.5137481739655669,133759.02899099942,65040.57209546614,0.0,27317.040280095778,0.05853986837950486,0.02512500000007023,-14.1129456094171
22,extraction,931.4414634146341,932.1425960367061,932.142596036706,17.341176470588234,18.34257165812813,0.8240043813700284,0.5219676494598389,0.5819676518440247,0.5150043532161419,133800.25585625088,64892.54162884809,0.0,27254.8674841162,0.060320754737975546,0.02725000000003419,-14.094565766464033
23,extraction,937.9243902439024,938.6348379367654,938.6348379367653,16.976470588235294,18.038745143858836,0.8153133180557991,0.5218737125396729,0.5818737149238586,0.5162681064291519,133830.95314232947,64738.30038193047,0.0,27190.086160410796,0.06273567041485265,0.027207999999889765,-14.075268392131292
24,extraction,944.4073170731707,945.1271338255815,945.1271338255815,16.61176470588235,17.73458289596444,0.8065621408907474,0.5217282772064209,0.5817282795906067,0.5175391445220612,133851.14516677216,64577.93800386267,0.0,27122.73396162232,0.065150327775226,0.027249999999812147,-14.05443221373808
25,extraction,950.8902439024389,951.6194834859439,951.6194834859441,16.24705882352941,17.430084907331203,0.7977508493769887,0.5215312838554382,0.581531286239624,0.5188170627793198,133860.8197685633,64411.54243500538,0.0,27052.847822702257,0.06757082649766913,0.027167000000050123,-14.032073944589909
26,extraction,957.3731707317072,958.1118867657027,958.1118867657028,15.88235294117647,17.125251170109276,0.788879443018047,0.5212826728820801,0.5812826752662659,0.520101514301885,133859.96478718676,64239.19439697392,0.0,26980.461646729047,0.06999719140592828,0.026666999999980234,-14.008203096589021
27,extraction,963.8560975609755,964.604343378059,964.6043433780588,15.517647058823528,16.820081678234967,0.779947921320102,0.5209825038909912,0.580982506275177,0.5213920365576996,133848.59237978753,64061.00220850871,0.0,26905.62092757366,0.0724253842963215,0.024250000000058947,-13.98283071422559
28,extraction,970.3390243902438,971.0968531681457,971.0968531681457,15.152941176470588,16.514576424071866,0.7709562837907674,0.5206307768821716,0.5806307792663574,0.5226883404642281,133826.7025451762,63877.04548203817,0.0,26828.35910245603,0.07485745634609303,0.02429199999998133,-13.95596883339833
29,extraction,976.8219512195121,977.589415981096,977.589415981096,14.788235294117646,16.208735400087892,0.7619045299390906,0.5202274918556213,0.5802274942398071,0.5239900213059201,133794.2952821634,63687.41964665204,0.0,26748.716251593854,0.07729343210286418,0.02433299999982097,-13.927629854473578
30,extraction,983.3048780487804,984.0820315933598,984.0820315933598,14.423529411764704,15.902558599697747,0.7527926592761891,0.5197726488113403,0.5797726511955261,0.5252966165507189,133751.37058903227,63492.22815959228,0.0,26666.73582702876,0.07973333112132099,0.024457999999949465,-13.89782738031154
31,extraction,989.7878048780487,990.574699779576,990.5746997795759,14.058823529411764,15.596046016425527,0.7436206713152671,0.5192662477493286,0.5792662501335144,0.5266078371160887,133697.928464052,63291.55152869603,0.0,26582.451642052332,0.08217717285179961,0.024499999999871847,-13.866571504579783
32,extraction,996.2707317073169,997.0674203821605,997.0674203821602,13.694117647058823,15.289197643063694,0.7343885655709879,0.5187082290649414,0.5787082314491272,0.592117466509734,133633.9567466649,54506.95683815831,0.0,22892.921872026487,0.08462700811906945,0.02420899999999726,-12.526663488588836
33,extraction,1002.7536585365852,1003.5601931734883,1003.5601931734882,13.329411764705881,14.982013473353781,0.7250963415601223,0.5180986523628235,0.5780986547470093,0.5934366657530887,133559.46759447022,54300.38246545011,0.0,22806.160635489043,0.08707880307928872,0.02458300000007796,-12.493016022225197
34,extraction,1009.2365853658536,1010.0530179241223,1010.0530179241222,12.96470588235294,14.674493501148987,0.7157439988015656,0.5174375176429749,0.5774375200271606,0.5947593339868718,133474.46100570596,54089.2794736956,0.0,22717.49737895215,0.08953460345617482,0.026749999999964302,-12.458018963393128
35,extraction,1015.7195121951219,1016.5458945447091,1016.5458945447092,12.599999999999998,14.366637718731246,0.7063315368150405,0.5167248249053955,0.5767248272895813,0.5960850086790258,133378.93697968588,53873.75217255058,0.0,22626.975912471244,0.09199443815305094,0.02704099999983889,-12.421686009628752
36,extraction,1022.2024390243902,1023.038822662106,1023.038822662106,12.235294117647058,14.058446121855717,0.6968589551237246,0.5159605741500854,0.5759605765342712,0.5974132851140013,133272.89551354424,53653.89718814273,0.0,22534.636819019946,0.09445831634266376,0.02683400000003111,-12.384029665487613
37,extraction,1028.6853658536584,1029.5318021851483,1029.5318021851483,11.870588235294116,13.749918703031408,0.68732625325164,0.5151447057723999,0.5751447081565857,0.598743816392755,133156.32444723335,53429.79857086495,0.0,22440.515399763277,0.09692829327133426,0.026999999999999247,-12.345061806211325
38,extraction,1035.1682926829267,1036.024832879871,1036.024832879871,11.505882352941175,13.441055456558345,0.6777334307249745,0.5142772793769836,0.5742772817611694,0.6000761977997371,133029.2359383039,53201.557840242356,0.0,22344.65429290179,0.09940033462434068,0.026916000000154483,-12.30479239557574
39,extraction,1041.651219512195,1042.5179145832562,1042.5179145832562,11.141176470588235,13.131856376010075,0.6680804870714259,0.5133582353591919,0.5733582377433777,0.6014100246193976,132891.61782615638,52969.26667761609,0.0,22247.09200459876,0.10187851713265837,0.026666999999980234,-12.263236498071514
40,extraction,1048.1341463414633,1049.011047059075,1049.0110470590748,10.776470588235293,12.822321455914501,0.6583674218208789,0.5123876929283142,0.5723876953125,0.6027448921361866,132743.49442767163,52733.0311970842,0.0,22147.873102775364,0.10435677973883964,0.02437500000018744,-12.22040352346659
41,extraction,1054.6170731707316,1055.504230069287,1055.5042300692871,10.411764705882351,12.512341200774104,0.6485942345054225,0.5113668441772461,0.5713668465614319,0.6040804534510613,132585.10892797215,52493.03620590437,0.0,22047.075206479833,0.10679866290639631,0.030125000000102986,-12.176298186670417
42,extraction,1061.1,1061.99746337404,1061.9974633740403,10.04705882352941,12.201884568793506,0.6387609246593666,0.5102960467338562,0.570296049118042,0.6054162460319645,132416.53428130114,52249.41318415286,0.0,21944.7535373442,0.10923255684128416,0.030833000000063393,-12.130971343141248
43,extraction,1051.8089743589742,1052.689820658988,1052.689820658988,9.682352941176468,11.892655873786104,0.6290137966903019,0.501635730266571,0.5616357326507568,0.6067519229798535,130578.34702592336,51349.68386841373,0.0,21566.867224733767,0.3671010834106083,0.03037500000013793,-12.136334928219954
44,extraction,1042.5179487179487,1043.3823463016568,1043.3823463016568,9.317647058823528,11.583581565231059,0.6193528490393606,0.49305322766304016,0.5530532002449036,0.6080870217626712,128756.0322307158,50461.16005756134,0.0,21193.687224175763,0.36427406781652705,0.024875000000035286,-11.883450273793613
45,extraction,1033.226923076923,1034.075039793633,1034.075039793633,8.952941176470587,11.27497067972749,0.6097780801523826,0.4845450818538666,0.54454505443573,0.6094212532978815,126948.89037166277,49583.53849658868,0.0,20825.086168567243,0.36155700601626034,0.02454199999979423,-11.633036280228522
46,extraction,1023.9358974358973,1024.7679007032173,1024.767900703217,8.588235294117645,10.96684002649291,0.6002894884792046,0.4761110246181488,0.5361109972000122,0.610754155053428,125156.86386736194,48716.78922691439,0.0,20461.051475304044,0.3588429802911269,0.026999999999999247,-11.384981473222064
47,extraction,1014.6448717948717,1015.4609283886889,1015.4609283886888,8.223529411764705,10.659189597323639,0.5908870724756057,0.46775102615356445,0.5277510285377502,0.6120853223137601,123379.94949423411,47860.89334100038,0.0,20101.57520322016,0.35612298838839845,0.027084000000066055,-11.139277524144957
48,extraction,1005.353846153846,1006.1541224996041,1006.1541224996041,7.858823529411763,10.352019380790933,0.5815708306006093,0.4594651162624359,0.5194650888442993,0.6134144081798354,121618.14474619277,47015.822462777374,0.0,19746.645434366495,0.3533969881476354,0.027207999999889765,-10.895923772682588
49,extraction,996.0628205128204,996.8474824767964,996.8474824767964,7.494117647058822,10.045329368119814,0.5723407613184167,0.4512532949447632,0.511253297328949,0.6147409501195966,119871.46106303533,46181.565196920754,0.0,19396.257382706717,0.35066271710929936,0.02712500000012774,-10.654921007883809
50,extraction,986.7717948717948,987.5410079067366,987.5410079067367,7.12941176470588,9.73911954899131,0.5631968630970581,0.4431155323982239,0.5031155347824097,0.6160646590505081,118139.88377884324,45358.07655836352,0.0,19050.39215451268,0.3479245981214935,0.02712500000012774,-10.416269955507891
51,extraction,977.4807692307692,978.2346983102158,978.2346983102157,6.764705882352939,9.433389914061145,0.5541391344090005,0.435051828622818,0.4950518310070038,0.6173850146240056,116423.41575095916,44545.34351497656,0.0,18709.044276290155,0.34517977715435155,0.02712500000012774,-10.179970338863898
52,extraction,968.1897435897436,968.9285532808444,968.9285532808445,6.4,9.128140453280313,0.5451675737304742,0.4270622134208679,0.4870622158050537,0.6187017277575536,114722.06305593578,43743.324431317305,0.0,18372.19626115327,0.3424277890651831,0.024666999999922723,-9.94602005922202
53,extraction,958.8987179487178,959.6225722138931,959.6225722138931,6.4,9.078665276905856,0.5362821795433085,0.42295971512794495,0.48295971751213074,0.6200143359190946,113813.6834695853,43247.568094684335,0.0,18163.97859976742,0.21002674007422767,0.024374999999965397,-9.679156820574441
54,extraction,949.6076923076922,950.3167547140047,950.3167547140046,6.4,9.02967025752047,0.5274829503329936,0.41885727643966675,0.47885727882385254,0.6213225500260933,112905.3172987774,42754.69764319585,0.0,17956.973010142254,0.20977961277597512,0.024374999999965397,-9.544767968477691
55,extraction,940.3166666666666,941.0111004540979,941.0111004540978,6.4,8.981155384647263,0.5187698845880483,0.4147549569606781,0.4747549593448639,0.6226258497299854,111996.97670034764,42264.763915104326,0.0,17751.200844343817,0.2095245078375802,0.02658300000013547,-9.410701342933754
56,extraction,931.0256410256409,931.7056088469658,931.7056088469659,6.4,8.933120651307789,0.5101429808024283,0.4106527268886566,0.4706527292728424,0.6239239459482347,111088.65559011248,41777.783244245074,0.0,17546.66896258293,0.20926452084035002,0.026875000000092797,-9.276963189469921
57,extraction,921.7346153846153,922.4002795089327,922.4002795089327,6.4,8.885566048144957,0.5016022374736419,0.4065506160259247,0.4665506184101105,0.6252164339652921,110180.36004479908,41293.78824457784,0.0,17343.39106272269,0.20899769546150126,0.02704199999992163,-9.143558152562164
58,extraction,912.4435897435897,913.0951119951849,913.0951119951849,6.4,8.838491566779672,0.49314765310331604,0.4024485647678375,0.4624485671520233,0.6265029090656071,109272.07790164372,40812.80321662029,0.0,17141.37735098052,0.20872713667768528,0.024250000000058947,-9.010493586684108
59,extraction,903.152564102564,903.7901059922696,903.7901059922694,6.4,8.791897197290204,0.48477922619598024,0.39834660291671753,0.4583466053009033,0.6277830243501369,108363.81523791284,40334.85157773647,0.0,16940.637662649315,0.20844987942555446,0.024457999999949465,-8.87777180324098
60,extraction,893.8615384615384,894.4852608121208,894.4852608121209,6.4,8.745782934937798,0.47649695526253466,0.3942447602748871,0.4542447626590729,0.8133840145170268,107455.57812799589,20052.928607998576,0.0,8422.230015359402,0.20816596882342997,0.026958000000076865,-5.474402238670423
61,extraction,884.5705128205127,885.1805763383268,885.1805763383268,6.4,8.700148767565024,0.46830083881495754,0.3901430070400238,0.4501430094242096,0.8146501960233365,106547.36049132505,19748.53238129799,0.0,8294.383600145156,0.20787752049863173,0.026874999999870752,-5.359126094075496
62,extraction,875.2794871794871,875.876051957588,875.8760519575878,6.4,8.654994689871403,0.4601908753709058,0.3860413134098053,0.4460413157939911,0.8159089192002255,105639.1562435164,19447.226447645182,0.0,8167.835108010976,0.20758458412114197,0.026791999999886684,-5.244207814777115
63,extraction,865.9884615384615,866.5716873115377,866.5716873115379,6.4,8.610320693342691,0.45216706345135455,0.38193973898887634,0.44193974137306213,0.8171597215156368,104730.97754116522,19149.04109956624,0.0,8042.59726181782,0.2072841889158416,0.026999999999999247,-5.129651710026778
64,extraction,856.6974358974358,857.2674820444064,857.2674820444063,6.4,8.566126769604239,0.444229401580573,0.37783825397491455,0.4399999976158142,0.8184022560705273,104030.34546250998,18891.676036195466,0.0,7934.503935202095,0.17239158350931377,0.02433399999990371,-5.0019388498443345
65,extraction,847.4064102564101,847.9634357438284,847.9634357438284,6.4,8.522412911262816,0.43637788828664864,0.3737368583679199,0.4399999976158142,0.8196361759658545,103515.93966136612,18670.53072581187,0.0,7841.622904840985,0.14104706904965292,0.02416700000007488,-4.896975214983702
66,extraction,838.1153846153845,838.6595479440892,838.6595479440891,6.4,8.479179111910113,0.42861252210198114,0.36963552236557007,0.4399999976158142,0.8208610764860679,103001.54151481033,18451.585267238712,0.0,7749.665812240259,0.14073375030342145,0.024417000000109823,-4.823326534525679
67,extraction,828.8243589743589,829.3558183609396,829.3558183609395,6.4,8.436425362761321,0.4209333015616021,0.36553430557250977,0.4399999976158142,0.8220766685486325,102487.15745796124,18234.856485901328,0.0,7658.639724078557,0.14041419107764658,0.02500000000016378,-4.749959614657455
68,extraction,819.5333333333333,820.0522465383991,820.052246538399,6.4,8.39415165769386,0.41334022520476504,0.3614331781864166,0.4399999976158142,0.8232825474379978,101972.78426866606,18020.37066661328,0.0,7568.555679977577,0.14009005906673705,0.026625000000057852,-4.6768813160509195
69,extraction,810.2423076923076,810.7488321414645,810.7488321414645,6.4,8.35235798905089,0.4058332915738256,0.674960732460022,0.0,0.8244783084386141,93522.31013652882,16415.194073892082,800.0,7694.381511034674,12.749438140975311,0.02720800000011181,-16.613135234004957
70,extraction,800.951282051282,801.445574725837,801.445574725837,6.4,8.31104435100045,0.398412499215253,0.6672144532203674,0.0,0.8256636624679458,92614.26296169411,16146.031407972332,0.0,6781.333191348379,0.2050426813655291,0.02704199999992163,-3.757855431694985
71,extraction,791.6602564102564,792.1424740208959,792.142474020896,6.4,8.270210735336217,0.3910778466780225,0.659468412399292,0.0,0.82683826262695,91706.24273960401,15880.012320744485,0.0,6669.605174712683,0.20470093201076245,0.024542000000016273,-3.6470212206635626
72,extraction,782.3692307692306,782.8395296467244,782.8395296467244,6.4,8.229857135674818,0.38382933251462686,0.6517224907875061,0.0,0.8280017042000765,90798.23659273749,15617.141955589104,0.0,6559.199621347424,0.20435648034492998,0.025082999999925804,-3.536578462564763
73,extraction,773.078205128205,773.5367411206006,773.5367411206005,6.4,8.189983547461825,0.3766669552820287,0.6439767479896545,0.0,0.8291536981047898,89890.2509546889,15357.416952040992,0.0,6450.115119857216,0.20400616031137325,0.027167000000050123,-3.4265262150060196
74,extraction,763.7871794871794,764.2341082102597,764.2341082102596,6.4,8.150589962511273,0.36959071353934114,0.6362311244010925,0.0,0.8302938974420471,88982.27938637279,15100.835831384204,0.0,6342.351049181365,0.20365219216632124,0.026999999999999247,-3.31686844207481
75,balance,0.0,0.0,0.0,8.5,10.345789853112441,0.36959071353934114,0.0,0.0,0.7885630461311345,7920.000000000001,1674.5806746414155,900.0,1603.3238833493945,11.47543083005888,0.020374999999850374,-7.00794757460508
76,balance,0.0,0.0,0.0,8.5,10.345789853112441,0.36959071353934114,0.0,0.0,0.7899665781494036,7920.000000000001,1663.4647010567232,0.0,698.6551744438237,0.0232705908392139,0.019624999999967585,4.680148986100939
77,balance,0.0,0.0,0.0,8.5,10.345789853112441,0.36959071353934114,0.0,0.0,0.7913548561288088,7920.000000000001,1652.4695394598339,0.0,694.0372065731302,0.0232705908392139,0.019124999999897696,4.690966448116464
78,balance,0.0,0.0,0.0,8.5,10.345789853112441,0.36959071353934114,0.0,0.0,0.7927275738831554,7920.000000000001,1641.5976148454092,0.0,689.4709982350719,0.0232705908392139,0.017375000000097174,4.701662664858333
79,balance,0.0,0.0,0.0,8.5,10.345789853112441,0.36959071353934114,0.0,0.0,0.7940841134083456,7920.000000000001,1630.853821805903,0.0,684.9586051584793,0.0232705908392139,0.01749999999978158,4.712232820838615
80,balance,0.0,0.0,0.0,8.5,10.345789853112441,0.36959071353934114,0.0,0.0,0.7954241123427295,7920.000000000001,1620.2410302455828,0.0,680.5012327031448,0.0232705908392139,0.017207999999824253,4.722674092535334
81,balance,0.0,0.0,0.0,8.5,10.345789853112441,0.36959071353934114,0.0,0.0,0.7967472151705303,7920.000000000001,1609.762055849401,0.0,676.1000634567483,0.0232705908392139,0.017332999999952747,4.732983709769558
82,balance,0.0,0.0,0.0,8.5,10.345789853112441,0.36959071353934114,0.0,0.0,0.7980528493883696,7920.000000000001,1599.421432844113,0.0,671.7570017945275,0.0232705908392139,0.018999999999991246,4.743157211594962
83,balance,0.0,0.0,0.0,8.5,10.345789853112441,0.36959071353934114,0.0,0.0,0.7993407614708482,7920.000000000001,1589.2211691508828,0.0,667.4728910433707,0.0232705908392139,0.018999999999991246,4.7531926225416345
84,balance,0.0,0.0,0.0,8.5,10.345789853112441,0.36959071353934114,0.0,0.0,0.8006104362693485,7920.000000000001,1579.1653447467606,0.0,663.2494447936394,0.0232705908392139,0.018999999999991246,4.763085928571549
85,balance,0.0,0.0,0.0,8.5,10.345789853112441,0.36959071353934114,0.0,0.0,0.8018614545358638,7920.000000000001,1569.257280075959,0.0,659.0880576319028,0.0232705908392139,0.019167000000042123,4.772833862904236
86,balance,0.0,0.0,0.0,8.5,10.345789853112441,0.36959071353934114,0.0,0.0,0.8030935136854893,7920.000000000001,1559.4993716109248,0.0,654.9897360765884,0.0232705908392139,0.019082999999975314,4.7824340677981185
87,balance,0.0,0.0,0.0,8.5,10.345789853112441,0.36959071353934114,0.0,0.0,0.8043060386639311,7920.000000000001,1549.8961737816653,0.0,650.9563929882994,0.0232705908392139,0.01754100000006531,4.791882062430137
88,balance,0.0,0.0,0.0,8.5,10.345789853112441,0.36959071353934114,0.0,0.0,0.8054987780198637,7920.000000000001,1540.4496780826794,0.0,646.9888647947254,0.0232705908392139,0.017334000000035488,4.8011758874915635
89,balance,0.0,0.0,0.0,8.5,10.345789853112441,0.36959071353934114,0.0,0.0,0.806671263002869,7920.000000000001,1531.1635970172783,0.0,643.0887107472569,0.0232705908392139,0.01816700000012439,4.810311890479141
90,balance,0.0,0.0,0.0,8.5,10.345789853112441,0.36959071353934114,0.0,0.0,0.8078232389101103,7920.000000000001,1522.0399478319268,0.0,639.2567780894093,0.0232705908392139,0.018999999999991246,4.819288086748365
91,balance,0.0,0.0,0.0,8.5,10.345789853112441,0.36959071353934114,0.0,0.0,0.9004922065681882,7920.000000000001,788.1017239799494,0.0,331.0027240715787,0.0232705908392139,0.024166999999852834,5.541364682740108
92,balance,0.0,0.0,0.0,8.5,10.345789853112441,0.36959071353934114,0.0,0.0,0.9016477278180091,7920.000000000001,778.9499956813679,0.0,327.15899818617453,0.0232705908392139,0.020082999999893048,5.550368504318713
93,balance,0.0,0.0,0.0,8.5,10.345789853112441,0.36959071353934114,0.0,0.0,0.9027806329077919,7920.000000000001,769.9773873702889,0.0,323.3905026955213,0.0232705908392139,0.023290999999980855,5.5591961007782995
94,balance,0.0,0.0,0.0,8.5,10.345789853112441,0.36959071353934114,0.0,0.0,0.903890491425237,7920.000000000001,761.1873079121224,0.0,319.6986693230914,0.0232705908392139,0.019583000000045203,5.567844118346232
95,balance,0.0,0.0,0.0,8.5,10.345789853112441,0.36959071353934114,0.0,0.0,0.9049770430655535,7920.000000000001,752.5818189208167,0.0,316.084363946743,0.0232705908392139,0.019540999999900777,5.5763105287275785
96,balance,0.0,0.0,0.0,8.5,10.345789853112441,0.36959071353934114,0.0,0.0,0.9060398575655881,7920.000000000001,744.164328080542,0.0,312.5490177938276,0.0232705908392139,0.019709000000034393,5.584591979311848
97,balance,0.0,0.0,0.0,8.5,10.345789853112441,0.36959071353934114,0.0,0.0,0.9070786749245912,7920.000000000001,735.9368945972383,0.0,309.09349573084006,0.0232705908392139,0.019583000000045203,5.5926864441732
98,balance,0.0,0.0,0.0,8.5,10.345789853112441,0.36959071353934114,0.0,0.0,0.9080930084797743,7920.000000000001,727.9033728401882,0.0,305.71941659287904,0.0232705908392139,0.019624999999967585,5.600590131235187
99,balance,0.0,0.0,0.0,8.5,10.345789853112441,0.36959071353934114,0.0,0.0,0.9090826556181426,7920.000000000001,720.0653675043104,0.0,302.42745435181035,0.0232705908392139,0.01925000000002619,5.608301461737353
100,balance,0.0,0.0,0.0,8.5,10.345789853112441,0.36959071353934114,0.0,0.0,0.910047186783487,7920.000000000001,712.4262806747838,0.0,299.2190378834092,0.0232705908392139,0.017291000000030365,5.615817088577716
101,balance,0.0,0.0,0.0,8.5,10.345789853112441,0.36959071353934114,0.0,0.0,0.9109864570446291,7920.000000000001,704.9872602065379,0.0,296.09464928674595,0.0232705908392139,0.017208000000046297,5.6231358824525355
102,balance,0.0,0.0,0.0,8.5,10.345789853112441,0.36959071353934114,0.0,0.0,0.9118998668420772,7920.000000000001,697.7530546107482,0.0,293.05628293651426,0.0232705908392139,0.017124999999840185,5.630253171594251
103,balance,0.0,0.0,0.0,8.5,10.345789853112441,0.36959071353934114,0.0,0.0,0.9127874998201122,7920.000000000001,690.7230014247116,0.0,290.10366059837884,0.0232705908392139,0.017209000000129038,5.6371696077591
104,balance,0.0,0.0,0.0,8.5,10.345789853112441,0.36959071353934114,0.0,0.0,0.9136487001057887,7920.000000000001,683.9022951621537,0.0,287.23896396810454,0.0232705908392139,0.017332999999952747,5.643880080385091
105,injection,600.0,600.3997387457639,600.3997387457639,10.1,11.919324456255579,0.3751499703795797,0.37526360154151917,0.4399999976158142,0.852141340832187,105079.5387311697,15536.919702763029,6000.0,12525.506275160471,13.864466503211224,0.03975000000000506,-19.709797315259692
106,injection,600.0,600.39949323982,600.39949323982,10.245384615384616,12.052601673916909,0.3807092249466151,0.37639278173446655,0.4399999976158142,0.8526985054103734,101901.48830652237,15010.241528458107,0.0,6304.301441952405,0.08983336414979082,0.038999999999900226,-4.113758671333184
107,injection,600.0,600.3992478596047,600.3992478596047,10.39076923076923,12.185878671981872,0.3862684772416114,0.37752196192741394,0.4399999976158142,0.8532368379000842,102023.43788284063,14973.282351990027,0.0,6288.778587835811,0.08961989948596116,0.03854100000011407,-4.116243426287761
108,injection,600.0,600.3990026889369,600.3990026889369,10.536153846153846,12.319155454363496,0.39182772726650894,0.37865114212036133,0.4399999976158142,0.8537560730606374,102145.38746076822,14938.142581005479,0.0,6274.019884022301,0.08940657277428787,0.038750000000087326,-4.119043941181058
109,injection,600.0,600.3987575601786,600.3987575601786,10.68153846153846,12.452432020003021,0.3973869750216958,0.3797803521156311,0.4399999976158142,0.8542561578438956,102267.34025766849,14904.835096238254,0.0,6260.030740420067,0.08919390087939594,0.03487499999987875,-4.122162660401658
110,injection,600.0,600.3985126828775,600.3985126828775,10.826923076923077,12.585708375509824,0.4029462205095002,0.3809095323085785,0.4409095346927643,0.8547368800573132,102476.60539723634,14886.071421138127,0.0,6252.149996878014,0.10353289203788274,0.0351249999999137,-4.148698990186865
111,injection,600.0,600.3982678893954,600.3982678893954,10.972307692307691,12.718984519996692,0.4085054637306983,0.3820387125015259,0.44203871488571167,0.8551981336046168,102706.95627658367,14872.158960638335,0.0,6246.3067634681,0.10683423937212999,0.03737500000000615,-4.166576223252285
112,injection,600.0,600.3980233054608,600.3980233054608,11.117692307692307,12.852260458556614,0.41406470468723033,0.38316792249679565,0.44316792488098145,0.8556397593413969,102937.31323721408,14860.055311674238,0.0,6241.22323090318,0.10662244780990227,0.03862499999995883,-4.181259100022055
113,injection,600.0,600.3977788472548,600.3977788472548,11.263076923076923,12.985536192154928,0.4196239433802605,0.38429710268974304,0.44429710507392883,0.8560616511713803,103167.66411913633,14849.783225814113,0.0,6236.908954841927,0.10640875753317702,0.04020799999993052,-4.196260865176287
114,injection,600.0,600.3975345147774,600.3975345147772,11.408461538461538,13.11881172352269,0.4251831798109529,0.38542628288269043,0.4454262852668762,0.8564636499501574,103398.01500202417,14841.373675789408,0.0,6233.376943831551,0.10619620832063537,0.03983299999998913,-4.211589276417155
115,injection,600.0,600.397290349938,600.397290349938,11.553846153846154,13.252087056316931,0.4307424139808597,0.3865554928779602,0.446555495262146,0.8568457026295917,103628.37196587324,14834.846776413906,0.0,6230.6356460938405,0.10598480498409935,0.03970899999994337,-4.227247228041118
116,injection,600.0,600.3970463527367,600.3970463527367,11.699230769230768,13.385362193435046,0.4363016458915332,0.3876846730709076,0.4476846754550934,0.8572076500652734,103858.722851336,14830.231097161755,0.0,6228.697060807937,0.1057715076090866,0.03970899999994337,-4.243234637813014
117,injection,600.0,600.3968024393544,600.3968024393544,11.844615384615384,13.51863713616833,0.4418608755437494,0.388813853263855,0.44881385564804077,0.8575493331127931,104089.0737374425,14827.557969570335,0.0,6227.57434721954,0.1055593462147848,0.037292000000022085,-4.259559289502473
118,injection,600.0,600.3965587355196,600.3965587355196,11.99,13.651911890101683,0.44742010293944867,0.38994306325912476,0.44994306564331055,0.8578707517721504,104319.43070483208,14826.842261635029,0.0,6227.273749886712,0.10534833537251043,0.03525000000004219,-4.276223191200301
119,injection,600.0,600.3963151574135,600.3963151574135,12.135384615384615,13.785186456688201,0.4529793280797951,0.39107224345207214,0.45107224583625793,0.858171746898936,104549.78159351349,14828.11288550579,0.0,6227.807411912432,0.10513542540828669,0.0347499999999723,-4.293226285125771
120,injection,600.0,600.3960717050359,600.3960717050359,12.28076923076923,13.918460839142178,0.4585385509659528,0.39220142364501953,0.4522014260292053,0.8584522654450133,104780.1324831605,14831.39037936274,0.0,6229.18395933235,0.10492365610078813,0.03829100000007912,-4.31057454285201
121,injection,600.0,600.3958284622058,600.3958284622058,12.426153846153845,14.05173504244252,0.4640977715998621,0.3933306336402893,0.4533306360244751,0.8900000452995301,105010.4894540906,11551.149083024138,0.0,4851.482614870138,0.10471303713189051,0.0387079999999429,-3.7807017495118105
122,injection,600.0,600.3955853451043,600.3955853451043,12.571538461538461,14.18500906827483,0.4696569899826871,0.3944598138332367,0.4544598162174225,0.89000004529953,105240.84034631253,11576.487670733768,0.0,4862.124821708182,0.10450051882761424,0.03458299999992143,-3.8022189976636582
123,injection,600.0,600.3953423956409,600.3953423956409,12.716923076923075,14.318282920926375,0.4752162061159801,0.39558902382850647,0.45558902621269226,0.89000004529953,105471.19731949568,11601.826927348855,0.0,4872.767309486519,0.10429015911563744,0.03724999999987766,-3.8237389780451196
124,injection,600.0,600.3950995299965,600.3950995299965,12.862307692307692,14.451556602230252,0.4807754200005171,0.39671820402145386,0.45671820640563965,0.89000004529953,105701.5482136488,11627.165515270914,0.0,4883.409516413783,0.10407789506242326,0.0391669999999511,-3.845256480630205
125,injection,600.0,600.3948568738997,600.3948568738997,13.007692307692308,14.58483011830599,0.48633463163823837,0.39784741401672363,0.4578474164009094,0.89000004529953,105931.90518908501,11652.504772133834,0.0,4894.05200429621,0.10386779435513571,0.03841699999984627,-3.8667767202288927
126,injection,600.0,600.3946143435314,600.3946143435314,13.153076923076922,14.718103471133793,0.4918938410303081,0.398976594209671,0.4589765965938568,0.89000004529953,106162.25608581305,11677.843360339131,0.0,4904.694211342435,0.10365579404083403,0.03633300000016604,-3.8882944867957905
127,injection,600.0,600.3943719388917,600.3943719388917,13.298461538461538,14.851376664447079,0.49745304817789043,0.4001058042049408,0.4601058065891266,0.89000004529953,106392.61306318044,11703.18261741448,0.0,4915.336699314082,0.10344594717715394,0.03495799999986282,-3.9098149804202618
128,injection,600.0,600.39412970189,600.39412970189,13.443846153846152,14.984649702891966,0.5030122530825376,0.4012349843978882,0.461234986782074,0.89000004529953,106622.96396216154,11728.521205867612,0.0,4925.9789064643965,0.1032342054600841,0.035082999999991316,-3.931333005796929
129,injection,600.0,600.3938876325265,600.3938876325265,13.589230769230769,15.117922590340934,0.5085714557458018,0.40236419439315796,0.46236419677734375,0.89000004529953,106853.32094210386,11753.8604632262,0.0,4936.6213945550035,0.10302462192786188,0.03958400000003692,-3.95285376299576
130,injection,600.0,600.3936456888914,600.3936456888914,13.734615384615383,15.251195329889146,0.514130656168847,0.40349337458610535,0.46349337697029114,0.89000004529953,107083.67184333802,11779.199051927179,0.0,4947.2636018094145,0.10281313851699281,0.03933299999991924,-3.9743720468911685
131,injection,600.0,600.393403954804,600.393403954804,13.879999999999999,15.384467927224916,0.5196898543536137,0.4046225845813751,0.4646225869655609,0.89000004529953,107314.02882585526,11804.538309569005,0.0,4957.906090018982,0.1026038180251918,0.039375000000063665,-3.99589306737332
132,injection,600.0,600.393162262626,600.393162262626,14.025384615384615,15.517740383042796,0.5252490503004899,0.4057517647743225,0.4657517671585083,0.8900000452995299,107544.3797290206,11829.876898482413,0.0,4968.548297362613,0.10239258775943894,0.03941699999998605,-4.01741160459602
133,injection,600.0,600.3929207799956,600.3929207799956,14.17076923076923,15.651012704838333,0.5308082440114157,0.4068809449672699,0.4668809473514557,0.89000004529953,107774.73063379526,11855.21548757283,0.0,4979.1905047805885,0.10218250701738052,0.03591599999985817,-4.038931291494224
134,injection,600.0,600.3926794230938,600.3926794230938,14.316153846153846,15.784284895114403,0.5363674354875554,0.4080101549625397,0.46801015734672546,0.89000004529953,108005.08761920928,11880.554745533314,0.0,4989.832993123992,0.10197356596192053,0.03462500000006585,-4.060452691685983
135,injection,600.0,600.3924382757396,600.3924382757396,14.46153846153846,15.917556959801649,0.5419266247308493,0.40913933515548706,0.46913933753967285,0.89000004529953,108235.43852655888,11905.893334906985,0.0,5000.475200660933,0.10176273443804562,0.038334000000084245,-4.081971628045273
136,injection,600.0,600.3921972122043,600.3921972122043,14.606923076923076,16.050828900673647,0.5474858117420734,0.41026854515075684,0.4702685475349426,0.8900000452995301,108465.79551422596,11931.232593115288,0.0,5011.117689108421,0.10155405085446767,0.03829199999993982,-4.103493285921448
137,injection,600.0,600.3919563163072,600.3919563163072,14.752307692307692,16.184100723769415,0.5530449965227799,0.4113977253437042,0.47139772772789,0.89000004529953,108696.14642350674,11956.571182701387,0.0,5021.759896734583,0.1013434717966244,0.03858300000003645,-4.125012474928949
138,injection,600.0,600.3917155461386,600.3917155461386,14.897692307692306,16.317372432654256,0.5586041790741331,0.412526935338974,0.4725269377231598,0.89000004529953,108926.50341342688,11981.910441157539,0.0,5032.4023852861665,0.10113504543270246,0.03858400000011919,-4.146534390237319
139,injection,600.0,600.391474943608,600.391474943608,15.043076923076923,16.45064403262887,0.564163359397685,0.4136561155319214,0.4736561179161072,0.89000004529953,109156.8543249607,12007.249030991472,0.0,5043.044593016418,0.10092472345869052,0.037167000000115635,-4.168053836541186
140,injection,600.0,600.3912345087156,600.3912345087155,15.188461538461537,16.583915528201146,0.5697225374949879,0.41478532552719116,0.47478532791137695,0.89000004529953,109387.21131745577,12032.588289730877,0.0,5053.687081686968,0.10071655891283249,0.0351249999999137,-4.189576013910525
141,injection,600.0,600.3909941995516,600.3909941995516,15.333846153846153,16.717186923082,0.575281713367206,0.41591450572013855,0.47591450810432434,0.89000004529953,109617.56223124266,12057.926879812643,0.0,5064.32928952131,0.10050649373161424,0.03495799999986282,-4.211095717219724
142,injection,600.0,600.3907540161163,600.3907540161163,15.479230769230767,16.850458221868085,0.5808408870155034,0.4170437157154083,0.4770437180995941,0.89000004529953,109847.91922566891,12083.266138764462,0.0,5074.971778281074,0.1002985809726884,0.03920800000001279,-4.232618146558166
143,injection,600.0,600.390514000319,600.390514000319,15.624615384615383,16.98372943004194,0.5864000584414323,0.4181728959083557,0.4781728982925415,0.8900000452995299,110078.27014170885,12108.604729094077,0.0,5085.613986219512,0.10008877233203983,0.03862499999995883,-4.254138106620476
144,injection,600.0,600.3902741521597,600.3902741521597,15.77,17.11700055228495,0.5919592276465448,0.4193020761013031,0.4793020784854889,0.89000004529953,110308.62105903626,12133.943319565296,0.0,5096.256194217424,0.09988010756894194,0.03500000000000725,-4.275659210681784
145,injection,600.0,600.390034429729,600.390034429729,15.915384615384614,17.250271592472956,0.5975183946320053,0.4204312860965729,0.48043128848075867,0.89000004529953,110538.97805700303,12159.282578906583,0.0,5106.898683140765,0.09967258173574223,0.03816599999995063,-4.297182027279943
146,injection,600.0,600.3897948330268,600.3897948330268,16.06076923076923,17.38354255535892,0.6030775593989778,0.42156046628952026,0.48156046867370605,0.89000004529953,110769.32897626162,12184.621169590231,0.0,5117.540891227897,0.09946315493734814,0.038458999999990695,-4.318702369488129
147,injection,600.0,600.3895554039627,600.3895554039627,16.206153846153846,17.516811026537805,0.6086367219490145,0.42268967628479004,0.48268967866897583,0.89000004529953,110999.68597648144,12209.960429179351,0.0,5128.183380255327,0.09925588510143779,0.03316700000000061,-4.340225442296117
148,injection,600.0,600.3893161425367,600.3893161425367,16.35153846153846,17.650078911593663,0.6141958822836676,0.4238188862800598,0.4838188886642456,0.89000004529953,111230.04297798872,12235.29968891009,0.0,5138.825869342238,0.09904773231352304,0.032999999999949736,-4.361747632273549
149,injection,600.0,600.3890770068392,600.3890770068392,16.496923076923075,17.78334667343557,0.6197550404041013,0.4249480962753296,0.4849480986595154,0.89000004529953,111460.3999804616,12260.638948747044,0.0,5149.468358473759,0.09883970490490701,0.029708000000017165,-4.3832699477213675
150,injection,600.0,600.3888380387798,600.3888380387798,16.642307692307693,17.916614318428095,0.6253141963118678,0.42607730627059937,0.48607730865478516,0.89000004529953,111690.75698422194,12285.978208725617,0.0,5160.110847664759,0.09863180768742863,0.029916999999990423,-4.404792393481776
151,injection,600.0,600.3885991964489,600.388599196449,16.787692307692307,18.049881851305567,0.6308733500081312,0.42720651626586914,0.48720651865005493,0.89000004529953,111921.11398894787,12311.317468810405,0.0,5170.7533369003695,0.09842403571344865,0.03249999999987985,-4.426314964576767
152,injection,600.0,600.3883604798466,600.3883604798466,16.93307692307692,18.18314927769768,0.6364325014940556,0.4283357262611389,0.4883357286453247,0.89000004529953,112151.4709946394,12336.656729001406,0.0,5181.39582618059,0.09821638892471829,0.03554199999999952,-4.447837660948099
153,injection,600.0,600.3881219308823,600.3881219308823,17.078461538461536,18.31641660412945,0.6419916507711935,0.4294649660587311,0.48946496844291687,0.89000004529953,112381.83408129215,12361.996658097865,0.0,5192.038596401103,0.09800988541206634,0.032999999999949736,-4.469362074232823
154,injection,600.0,600.3878835495561,600.3878835495561,17.223846153846154,18.449683836332937,0.6475507978410968,0.43059417605400085,0.49059417843818665,0.89000004529953,112612.1910895586,12387.33591857212,0.0,5202.68108580029,0.09780148526099142,0.029791000000001233,-4.49088401748471
155,injection,600.0,600.3876452939585,600.3876452939585,17.369230769230768,18.5829509792427,0.6531099427049297,0.43172338604927063,0.4917233884334564,0.89000004529953,112842.54809879065,12412.675179152575,0.0,5213.323575244081,0.09759422336073009,0.032000000000032,-4.512407099078498
156,injection,600.0,600.3874071640894,600.3874071640894,17.514615384615382,18.716218038679333,0.6586690853638565,0.4328525960445404,0.4928525984287262,0.8900000452995301,113072.90510898829,12438.014439839244,0.0,5223.966064732483,0.09738708637410665,0.03312500000007823,-4.533930305677011
157,injection,600.0,600.3871692437679,600.3871692437679,17.66,18.849485022193324,0.6642282258198173,0.4339818060398102,0.49398180842399597,0.89000004529953,113303.26212079525,12463.353700702952,0.0,5234.60855429524,0.09718008398299682,0.03295799999980531,-4.555453647022853
158,injection,600.0,600.3869313653558,600.3869313653558,17.805384615384614,18.982751932314322,0.6697873640732003,0.43511101603507996,0.49511101841926575,0.89000004529953,113533.61913292408,12488.692961602064,0.0,5245.251043872867,0.09697319661022541,0.0332080000000623,-4.576977103417395
159,injection,600.0,600.3866937384009,600.3866937384009,17.95076923076923,19.116018779196576,0.6753465001263336,0.43624022603034973,0.4962402284145355,0.8900000452995301,113763.9761469841,12514.032222713591,0.0,5255.893533539708,0.09676644858659755,0.02987500000006804,-4.598500699343255
160,injection,600.0,600.386456195265,600.386456195265,18.096153846153843,19.249285565442808,0.6809056339799935,0.4373694360256195,0.4973694384098053,0.89000004529953,113994.33316168786,12539.371483895942,0.0,5266.5360232362955,0.09655982031552579,0.03050000000004438,-4.620024415082399
161,injection,600.0,600.3862188197672,600.3862188197672,18.24153846153846,19.38255229874291,0.6864647656357321,0.4384986460208893,0.4984986484050751,0.89000004529953,114224.69017767906,12564.710745219912,0.0,5277.178512992363,0.09635332149829257,0.03291599999988293,-4.641548260396829
162,injection,600.0,600.385981569998,600.385981569998,18.386923076923075,19.51581898428786,0.6920238950947136,0.43962785601615906,0.49962785840034485,0.89000004529953,114455.04719463587,12590.050006650097,0.0,5287.821002793041,0.09614694718724537,0.03291699999996567,-4.663072230308535
163,injection,600.0,600.3857444878668,600.3857444878669,18.53230769230769,19.649085628980824,0.6975830223584901,0.44075703620910645,0.5007570385932922,0.89000004529953,114685.39813320637,12615.388599458063,0.0,5298.463211772387,0.09593968891527521,0.032875000000043286,-4.6845947428649035
164,injection,600.0,600.3855075314641,600.3855075314641,18.677692307692308,19.782352238062526,0.7031421474282259,0.4418862462043762,0.501886248588562,0.89000004529953,114915.75515241623,12640.727861136082,0.0,5309.105701677154,0.09573458157156778,0.032582999999863915,-4.706119979956485
165,injection,600.0,600.3852707426995,600.3852707426995,18.823076923076922,19.91561881848044,0.7087012703054731,0.443015456199646,0.5030154585838318,0.89000004529953,115146.11217291355,12666.06712295572,0.0,5319.748191641402,0.0955285901311127,0.02999999999997449,-4.727644333072771
166,injection,600.0,600.3850340796635,600.3850340796635,18.968461538461536,20.048885375514146,0.7142603909913959,0.44414466619491577,0.5041446685791016,0.89000004529953,115376.46919437646,12691.406384881586,0.0,5330.390681650266,0.09532272292521093,0.033084000000016545,-4.749168810514698
167,injection,600.0,600.3847975842655,600.3847975842655,19.11384615384615,20.182151916144406,0.7198195094875466,0.44527387619018555,0.5052738785743713,0.89000004529953,115606.82621712684,12716.745646949057,0.0,5341.033171718604,0.0951169847656903,0.03354199999994201,-4.770693417124456
168,injection,600.0,600.384561214596,600.384561214596,19.25923076923077,20.315418445678507,0.7253786257950892,0.4464030861854553,0.5064030885696411,0.89000004529953,115837.18324084282,12742.084909122743,0.0,5351.675661831552,0.09491137070490385,0.03270900000007515,-4.792218147924037
169,injection,600.0,600.3843250125647,600.3843250125648,19.404615384615383,20.44868497111929,0.7309377399155759,0.4475322663784027,0.5075322389602661,0.8893035232666264,116067.53132514954,12848.266780834529,0.0,5396.2720479505015,0.09470439543857884,0.030457999999899954,-4.826700687751441
170,injection,600.0,600.3840889362618,600.3840889362618,19.549999999999997,20.581951497790453,0.7364968518501709,0.4486614763736725,0.5086614489555359,0.888581644224452,116297.88835111857,12957.719500249892,0.0,5442.242190104955,0.0945005243673811,0.02975000000016159,-4.861691660747756
171,injection,600.0,600.3838529856876,600.3838529856876,19.695384615384615,20.71521803186149,0.7420559616000384,0.44979068636894226,0.5097906589508057,0.8878428428267178,116528.2453780532,13069.476731993112,0.0,5489.180227437107,0.0942952870847833,0.03304100000001142,-4.897030175334836
172,injection,600.0,600.3836172027513,600.3836172027513,19.84076923076923,20.84848458034701,0.7476150691667305,0.45091986656188965,0.5109198689460754,0.8870872782178338,116758.59918762445,13183.53122574769,0.0,5537.08311481403,0.0940896420769275,0.03300000000017178,-4.932715082762231
173,injection,600.0,600.3833815455437,600.3833815455437,19.986153846153844,20.98175114857386,0.7531741745514114,0.4520490765571594,0.5120490789413452,0.8863152686866193,116988.95621681213,13299.85805414115,0.0,5585.9403827392825,0.09388519372156456,0.03279200000005922,-4.968743803063688
174,injection,600.0,600.3831460559741,600.383146055974,20.131538461538458,21.115017743550123,0.7587332777556334,0.4531782567501068,0.5131782293319702,0.8855269203293474,117219.30430659055,13418.454760826804,0.0,5635.750999547257,0.09367884738900889,0.03174999999999706,-5.005111240048803
175,injection,600.0,600.3829107340425,600.3829107340425,20.276923076923076,21.248284371434387,0.7642923787809486,0.4543074667453766,0.51430743932724,0.8847226044829739,117449.66133835315,13539.291063442099,0.0,5686.502246645681,0.09347560979179459,0.030250000000009436,-5.041818262951283
176,injection,600.0,600.3826755378395,600.3826755378395,20.42230769230769,21.381551037530674,0.7698514776285211,0.455436646938324,0.5154366493225098,0.8839024272437719,117680.01515243054,13662.364121113336,0.0,5738.192930867601,0.0932704691921249,0.032999999999949736,-5.0788578199662675
177,injection,600.0,600.3824404673651,600.3824404673651,20.567692307692305,21.514817747971474,0.7754105742995152,0.45656585693359375,0.5165658593177795,0.8830667069005607,117910.37218612432,13787.648110304057,0.0,5790.812206327703,0.09306652497331536,0.03304200000009416,-5.116228736543491
178,injection,600.0,600.3822055226192,600.3822055226192,20.713076923076922,21.648084508872955,0.780969668795095,0.45769503712654114,0.5176950097084045,0.882215708694023,118140.720280087,13915.121012567717,0.0,5844.350825278441,0.09286067763562866,0.03308300000015585,-5.153922841374822
179,injection,600.0,600.3819707455114,600.3819707455114,20.858461538461537,21.78135132717615,0.7865287611168127,0.4588242471218109,0.5188242197036743,0.8813496448167051,118371.07731603384,14044.770366976678,0.0,5898.803554130204,0.09265793878105932,0.03304100000001142,-5.191943904764611
180,injection,600.0,600.3817360941321,600.3817360941321,21.00384615384615,21.914618208114092,0.7920878512658325,0.4599534273147583,0.5199534296989441,0.8804687805092898,118601.43113429546,14176.573696825828,0.0,5954.160952666847,0.0924532966717937,0.029708000000017165,-5.230281797313969
181,injection,600.0,600.3815016103908,600.3815016103908,21.149230769230766,22.047885158580762,0.7976469392437064,0.4610826075077057,0.5210825800895691,0.8795733810124595,118831.77923179865,14310.509401159346,0.0,6010.413948486926,0.09224836544507964,0.03308300000015585,-5.268933907790352
182,injection,600.0,600.3812672942877,600.3812672942877,21.294615384615383,22.181152184600457,0.8032060250519869,0.4622117877006531,0.5222117900848389,0.8168901644688306,119062.1330526352,21801.447601258245,0.0,9156.607992528463,0.0920454696044477,0.032958000000027354,-6.475803499501391
183,injection,600.0,600.3810330620036,600.3810330620036,21.439999999999998,22.314419290478664,0.8087651086914499,0.46334096789360046,0.5233409404754639,0.8159664903152191,119292.48115206957,21953.813985420944,0.0,9220.601873876796,0.09184078463494294,0.033124999999856186,-6.516496846976301
184,injection,600.0,600.3807989973575,600.3807989973575,21.585384615384612,22.44768648385919,0.8143241901636477,0.46447014808654785,0.5244701504707336,0.8150290766942412,119522.8349748373,22108.249141417502,0.0,9285.46463939535,0.09163813493510786,0.03316599999991787,-6.557495760120277
185,injection,600.0,600.3805651003495,600.3805651003495,21.73076923076923,22.580953770665804,0.8198832694701323,0.46559932827949524,0.5255993008613586,0.8140781888465796,119753.1830768466,22264.728689034455,0.0,9351.186049394471,0.0914337057300667,0.029708000000017165,-6.598791175778005
186,injection,600.0,600.38033132907,600.38033132907,21.876153846153844,22.71422115593907,0.8254423466120682,0.4667285084724426,0.5267285108566284,0.8131141450610535,119983.5369018674,22423.225872504117,0.0,9417.754866451729,0.09123130676943259,0.03287499999982124,-6.6403829537480865
187,injection,600.0,600.3800977254286,600.3800977254286,22.02153846153846,22.847488646363583,0.8310014215910073,0.46785768866539,0.5278576612472534,0.8121372636264823,120213.88500612974,22583.709387342926,0.0,9485.157942684029,0.09102712816777325,0.03329200000012911,-6.682260972027503
188,injection,600.0,600.3798642056063,600.3798642056062,22.166923076923073,22.980756246049303,0.8365604944077258,0.4689868688583374,0.5289868712425232,0.8111477036872756,120444.23883308172,22746.171081265697,0.0,9553.391854131592,0.09082497480466878,0.032958000000027354,-6.72442805987712
189,injection,600.0,600.3796308953315,600.3796308953315,22.31230769230769,23.114023963274747,0.8421195650641641,0.4701160490512848,0.5301160216331482,0.8101458896285259,120674.58693959712,22910.566347862332,0.0,9622.437866102178,0.09062104655415593,0.03291699999996567,-6.766872032240468
190,injection,600.0,600.3793976688758,600.3793976688758,22.457692307692305,23.2472918012106,0.8476786335610981,0.4712451994419098,0.5312451720237732,0.8091320866909157,120904.93182810544,23076.872046807577,0.0,9692.286259659182,0.09041765329025941,0.02987500000006804,-6.809591236810061
191,injection,600.0,600.3791646519676,600.3791646519675,22.60307692307692,23.380559768032633,0.8532376999004682,0.4723743796348572,0.532374382019043,0.8081065070669915,121135.2856589198,23245.073082527888,0.0,9762.930694661713,0.09021641890970189,0.032542000000024274,-6.852585315936867
192,injection,600.0,600.3789317188784,600.3789317188786,22.748461538461537,23.513827866803542,0.8587967640830504,0.4735035300254822,0.533503532409668,0.8070695751418455,121365.63054968118,23415.122665127798,0.0,9834.351519353675,0.09001232191519132,0.03625000000018197,-6.895840108241817
193,injection,600.0,600.3786989534274,600.3786989534274,22.89384615384615,23.647096104741816,0.864355826110397,0.47463271021842957,0.534632682800293,0.8060215561561606,121595.97866038085,23586.99871820939,0.0,9906.539461647944,0.08981037879813725,0.033082999999933804,-6.939357579224357
194,injection,600.0,600.3784663137048,600.3784663137048,23.039230769230766,23.780364486477744,0.8699148859836721,0.47576186060905457,0.535761833190918,0.8049627683987559,121826.32355339527,23760.668882011654,0.0,9979.480930444894,0.08960748516939487,0.0328339999999816,-6.9831286240288755
195,injection,600.0,600.3782338416204,600.3782338416204,23.184615384615384,23.913633018264616,0.8754739437044278,0.47689104080200195,0.5368910431861877,0.8038934771103143,122056.67738839387,23936.11059810604,0.0,10053.166451204535,0.08940674528231818,0.029834000000006355,-7.027153247686877
196,injection,600.0,600.3780014952645,600.3780014952645,23.33,24.046901704604394,0.8810329992738284,0.47802019119262695,0.5380201935768127,0.8028140536277917,122287.02228366137,24113.282218043096,0.0,10127.5785315781,0.08920314739908797,0.031083000000098338,-7.07141818411397
197,injection,600.0,600.3777692746371,600.3777692746371,23.475384615384613,24.180170550773152,0.886592052693038,0.47914934158325195,0.5391493439674377,0.8017247631918707,122517.36717989444,24292.1599907021,0.0,10202.707196094882,0.08900116180985895,0.03304199999987212,-7.115924416861512
198,injection,600.0,600.3775372216478,600.3775372216477,23.620769230769227,24.313439562820832,0.8921511039636087,0.48027849197387695,0.5402784943580627,0.8006259771395072,122747.712077415,24472.705153795716,0.0,10278.536164594201,0.0887993032103489,0.03308300000015585,-7.16066398506462
199,injection,600.0,600.377305294387,600.3773052943869,23.766153846153845,24.44670874503906,0.8977101530867049,0.48140764236450195,0.5414076447486877,0.7995180137595206,122978.05697590113,24654.8851265235,0.0,10355.05175313987,0.08859756665289775,0.03316599999991787,-7.205631397647031
200,injection,600.0,600.3770735347643,600.3770735347643,23.91153846153846,24.579978103330607,0.9032692000638787,0.48253679275512695,0.5425367951393127,0.7984011913407301,123208.40187567472,24838.66703494858,0.0,10432.240154678402,0.08839595694933333,0.02987500000006804,-7.250821144031975
201,injection,600.0,600.3768419427797,600.3768419427797,24.056923076923074,24.713247642679498,0.9088282448966822,0.48366594314575195,0.5436659455299377,0.7972758812200915,123438.74677673579,25024.011163610034,0.0,10510.084688716213,0.0881944740220586,0.029916000000129728,-7.2962266532370705
202,injection,600.0,600.3766104346141,600.3766104346141,24.20230769230769,24.846517366302592,0.9143872875858916,0.48479509353637695,0.5447950959205627,0.7961423486382877,123669.09167844057,25210.890575603175,0.0,10588.574041753332,0.08799310805338045,0.03274999999991479,-7.341843365015732
203,injection,600.0,600.3763790940866,600.3763790940866,24.347692307692306,24.979787280707377,0.9199463281330591,0.48592421412467957,0.545924186706543,0.7950009649322743,123899.4276407361,25399.263111794397,0.0,10667.690506953646,0.08779037862845085,0.03279200000005922,-7.387662238676645
204,injection,600.0,600.3761478792876,600.3761478792876,24.49307692307692,25.113057389790406,0.9255053665393488,0.48705336451530457,0.547053337097168,0.7938520483908711,124129.77254469394,25589.098343795747,0.0,10747.421304394213,0.08759075114798098,0.03304200000009416,-7.433683958849287
205,injection,600.0,600.3759167902172,600.3759167902172,24.638461538461534,25.246327698204897,0.9310644028059248,0.48818251490592957,0.548182487487793,0.7926959703510335,124360.11744961739,25780.353474924443,0.0,10827.748459468265,0.08738975520540371,0.030291999999931818,-7.4798964310420635
206,injection,600.0,600.3756859106943,600.3756859106943,24.783846153846152,25.379598212205124,0.9366234369347276,0.4893116354942322,0.549311637878418,0.791533049101581,124590.45913749933,25972.993127428563,0.0,10908.657113519996,0.08718835415690562,0.029749999999939547,-7.526294584646973
207,injection,600.0,600.375455073081,600.375455073081,24.929230769230767,25.512868932896453,0.942182468926145,0.4904407560825348,0.5504407286643982,0.7903636029313326,124820.79510365725,26166.98176477707,0.0,10990.132341206368,0.08698664763460662,0.03316700000000061,-7.572872528897756
208,injection,600.0,600.3752244450152,600.3752244450152,25.07461538461538,25.64613986803717,0.9477414987821173,0.4915699064731598,0.5515698790550232,0.789188056225381,125051.1400121212,26362.273897187304,0.0,11072.155036818667,0.08678751612221314,0.032999999999949736,-7.61962684660671
209,injection,600.0,600.3749939845875,600.3749939845874,25.22,25.779411021081657,0.9533005265041968,0.4926990270614624,0.5526990294456482,0.7880067272725455,125281.4817032218,26558.831318410696,0.0,11154.709153732492,0.08658648430431715,0.032999999999949736,-7.6665460005060515
210,injection,600.0,600.3747636079788,600.3747636079787,25.365384615384613,25.91268239454391,0.9588595520931597,0.493828147649765,0.5538281202316284,0.7868199343616452,125511.81767292022,26756.617529902345,0.0,11237.779362558984,0.08638515168862515,0.031290999999988856,-7.713625503557362
211,injection,600.0,600.3745333990082,600.3745333990082,25.510769230769228,26.04595399421402,0.9644185755505579,0.4949572682380676,0.5549572706222534,0.7856280488296363,125742.15936595201,26955.592047653947,0.0,11321.348660014657,0.08618585255756583,0.03008299999995856,-7.760861996011508
212,injection,600.0,600.3743033157662,600.3743033157662,25.656153846153842,26.179248672225743,0.9699775968775557,0.4960862696170807,0.5560862421989441,0.7844313889653378,125972.47101920843,27155.710606214998,0.0,11405.398454610298,0.08598071415038389,0.02733300000001826,-7.808237970281889
213,injection,600.0,600.3740734001622,600.3740734001622,25.80153846153846,26.312570694437817,0.9755366160757053,0.49721500277519226,0.5572149753570557,0.7428029778184672,126202.73081771136,32458.966557492924,0.0,13632.765954147028,0.08577206586005515,0.02733300000001826,-8.648942111689358
214,injection,600.0,600.3738435683772,600.3738435683772,25.946923076923074,26.445893098898615,0.9810956331457829,0.49834370613098145,0.5583437085151672,0.7415978833004573,126432.98739820719,32670.551564343346,0.0,13721.631657024205,0.08557163998390549,0.027249999999812147,-8.697523896498971
215,injection,600.0,600.3736139461398,600.3736139461398,26.09230769230769,26.57921587543048,0.9866546480897286,0.499472439289093,0.5594724416732788,0.7403891815091619,126663.24719896316,32883.14927803018,0.0,13810.922696772674,0.08537241774517068,0.026999999999999247,-8.746233674897653
216,injection,600.0,600.3733844077215,600.3733844077215,26.237692307692306,26.7125390086831,0.9922136609083186,0.5006011724472046,0.5606011748313904,0.7391771376852638,126893.50700036288,33096.72770498965,0.0,13900.625636095652,0.08517277511130339,0.02512500000007023,-8.795064498510328
217,injection,600.0,600.3731550369412,600.3731550369412,26.38307692307692,26.845862487370283,0.9977726716031051,0.5017298460006714,0.5617298483848572,0.7379621762138555,127123.7546437025,33311.23201835959,0.0,13990.717447711026,0.08497123166746667,0.025250000000198725,-8.84400542031498
218,injection,600.0,600.147930344101,600.147930344101,26.528461538461535,26.95579576201414,1.0,0.5026288032531738,0.5626288056373596,0.7367446153837564,127305.41219757199,33513.835251801254,0.0,14075.810805756526,2.212061061375038,0.027290999999873833,-11.015016628666537
219,injection,600.0,600.0,600.0,26.67384615384615,27.054646299432758,1.0,0.5036057829856873,0.563605785369873,0.7355247734837853,127503.57995796204,33721.5381910103,0.0,14163.046040224326,3.644328422016555,0.02695899999993756,-12.493107156561257
220,injection,600.0,600.0,600.0,26.819230769230767,27.156455758213376,1.0,0.5047338604927063,0.5647338628768921,0.7343030748990351,127733.70776939392,33938.45338607319,0.0,14254.150422150738,3.6494657463497457,0.02712500000012774,-12.547665208113312
221,injection,600.0,600.0,600.0000000000001,26.96461538461538,27.258265518035678,1.0,0.5058619379997253,0.5658619403839111,0.7330798909664615,127963.8355808258,34156.12094558381,0.0,14345.5707971452,3.649465746349759,0.02745799999992471,-12.597171569211724
222,injection,600.0,600.0,600.0,27.109999999999996,27.36007556535943,1.0,0.5069900155067444,0.5669900178909302,0.7318555399748838,128193.96339225769,34374.50109229644,0.0,14437.290458764506,3.6494657463497457,0.026708999999902616,-12.646757358443343
223,injection,600.0,600.0,600.0,27.255384615384614,27.461885886548448,1.0,0.5081180930137634,0.5681180953979492,0.7306303932612579,128424.09120368958,34593.546943318215,0.0,14529.28971619365,3.6494657463497457,0.02458300000007796,-12.696415288160226
224,injection,600.0,600.0,600.0,27.400769230769228,27.563696467876667,1.0,0.5092461705207825,0.5692461729049683,0.7294048752106761,128654.21901512146,34813.2044490698,0.0,14621.545868609317,3.6494657463497457,0.026124999999987963,-12.746136982708782
225,injection,600.0,600.0,600.0,27.546153846153842,27.665507295534255,1.0,0.5103742480278015,0.5703742504119873,0.7281792510638212,128884.34682655334,35033.43968054395,0.0,14714.044665828456,3.6494657463497457,0.026750000000186347,-12.795917192503504
226,injection,600.0,600.0,600.0,27.691538461538457,27.767318355633687,1.0,0.5115023255348206,0.5715023279190063,0.7269539452057856,129114.47463798523,35254.19791672952,0.0,14806.763125026398,3.6494657463497457,0.026958000000076865,-12.845747474747634
227,injection,600.0,600.0,600.0,27.836923076923075,27.869129634215934,1.0,0.5126303434371948,0.5726303458213806,0.7257292759253886,129344.59029006958,35475.43443399134,0.0,14899.682462276362,3.6494637197918234,0.026874999999870752,-12.895618089219035
228,injection,600.0,600.0,600.0,27.98230769230769,27.97094111725662,1.0,0.5137584209442139,0.5737584233283997,0.7245056676077226,129574.71810150146,35697.10045829069,0.0,14992.78219248209,3.6494657463497457,0.02704199999992163,-12.945529294049878
229,injection,600.0,600.0,600.0,28.127692307692303,28.072752790672205,1.0,0.5148864984512329,0.5748865008354187,0.7232834385416068,129804.84591293335,35919.15062166347,0.0,15086.043261098659,3.6494657463497457,0.02462500000000034,-12.995467231469291
230,injection,600.0,600.0,600.0,28.27307692307692,28.174564640326206,1.0,0.516014575958252,0.5760145783424377,0.7220629600639974,130034.97372436523,36141.53568510595,0.0,15179.444987744497,3.6494657463497457,0.024457999999949465,-13.045426404776128
231,injection,600.0,600.0,600.0,28.418461538461536,28.276376652035385,1.0,0.517142653465271,0.5771426558494568,0.72084460351185,130265.10153579712,36364.20606779457,0.0,15272.96654847372,3.6494657463497457,0.024542000000016273,-13.095399256529346
232,injection,600.0,600.0,600.0,28.56384615384615,28.378188811575985,1.0,0.5182706713676453,0.578270673751831,0.7196287402221202,130495.21718788147,36587.10843795436,0.0,15366.585543940831,3.6494637197918234,0.027208999999972505,-13.145374814355874
233,injection,600.0,600.0,600.0,28.709230769230764,28.48000110468992,1.0,0.5193987488746643,0.5793987512588501,0.7184156884836276,130725.34499931335,36810.206269371905,0.0,15460.2866331362,3.6494657463497457,0.026958000000076865,-13.195355303844321
234,injection,600.0,600.0,600.0,28.854615384615382,28.581813517090993,1.0,0.5205268263816833,0.5805268287658691,0.7172058726814647,130955.47281074524,37033.43865110088,0.0,15554.044233462368,3.6494657463497457,0.027167000000050123,-13.245324570251684
235,injection,600.0,600.0,600.0,29.0,28.68362603447109,1.0,0.5216548442840576,0.5816548466682434,0.7159995580563141,131185.5884628296,37256.76510008611,0.0,15647.841342036165,3.6494637197918234,0.02445800000017151,-13.295275695308701
236,injection,595.2188405797101,595.2188405797101,595.2188405797101,29.0,28.683669411737124,1.0,0.5174976587295532,0.577497661113739,0.7147972220414047,130300.80330536288,37162.151072926004,0.0,15608.103450628922,3.7236799234532123,0.02462500000000034,-13.294714751902884
237,injection,590.4376811594203,590.4376811594203,590.4376811594204,29.0,28.683712865324896,1.0,0.5133404731750488,0.5733404755592346,0.7135990768292829,129416.01814789615,37064.86707063574,0.0,15567.244169667008,3.6949044269423346,0.03187500000012555,-13.190865775192274
238,injection,585.6565217391304,585.6565217391304,585.6565217391305,29.0,28.683756380897528,1.0,0.5091832876205444,0.5691832900047302,0.7124055998531774,128531.23299042942,36964.86285201405,0.0,15525.2423978459,3.6661289304312996,0.02737499999994064,-13.086712099196248
239,injection,580.8753623188405,580.8753623188405,580.8753623188405,29.0,28.683799944120807,1.0,0.50502610206604,0.5650261044502258,0.7112171094019075,127646.4478329627,36862.11017978159,0.0,15482.086275508269,3.6373534339202505,0.02733300000001826,-12.982248672165282
240,injection,576.0942028985507,576.0942028985507,576.0942028985507,29.0,28.683843540669255,1.0,0.5008689761161804,0.5608689785003662,0.7100339237642928,126761.6748348435,36756.58546892616,0.0,15437.765896948988,3.6085759108512927,0.026833000000170415,-12.877469894297484
241,injection,571.3130434782609,571.3130434782609,571.3130434782609,29.0,28.683887156232167,1.0,0.496711790561676,0.5567117929458618,0.7088564142772888,125876.88967737679,36648.2490202936,0.0,15392.264588523312,3.5798024408981797,0.025375000000105175,-12.772373249434585
242,injection,566.5318840579711,566.5318840579711,566.5318840579711,29.0,28.6839307765196,1.0,0.492554634809494,0.5525546073913574,0.7076849522778516,124992.10773856088,36537.07393848934,0.0,15345.57105416552,3.5510264079454856,0.02512500000007023,-12.666948114062865
243,injection,561.7507246376812,561.7507246376812,561.7507246376812,29.0,28.68397438726833,1.0,0.488397479057312,0.5483974814414978,0.7065199091029369,124107.33152179088,36423.030936007126,0.0,15297.672993122993,3.522249957760134,0.027082999999983315,-12.561191314456195
244,injection,556.9695652173913,556.9695652173913,556.9695652173913,29.0,28.684017974247745,1.0,0.48424032330513,0.5442402958869934,0.6376028999370257,123222.54958297497,44655.4946312362,0.0,18755.307745119204,3.493475414923415,0.027124999999905697,-13.764350377069102
245,injection,552.1884057971015,552.1884057971015,552.1884057971015,29.0,28.684061523265687,1.0,0.480083167552948,0.5400831699371338,0.6364515962294774,122337.77336620496,44475.70222812376,0.0,18679.794935811977,3.464698964738063,0.027249999999812147,-13.651922461127842
246,injection,547.4072463768116,547.4072463768116,547.4072463768116,29.0,28.68410502017425,1.0,0.4759260416030884,0.5359260439872742,0.6353077192610463,121453.00036808578,44292.97170682618,0.0,18603.048116866994,3.4359229317852247,0.026958000000076865,-13.539149431647667
247,injection,542.6260869565217,542.6260869565217,542.6260869565217,29.0,28.684148450875487,1.0,0.47176888585090637,0.5317688584327698,0.634171534272415,120568.21842926988,44107.286363488136,0.0,18525.060272665018,3.407148925390453,0.02712500000012774,-13.426028357604851
248,injection,537.8449275362319,537.8449275362319,537.8449275362319,29.0,28.684191801327092,1.0,0.46761175990104675,0.5276117324829102,0.6330434656486759,119683.44543115069,43918.62235464087,0.0,18445.821388949167,3.378371938763298,0.02433399999990371,-13.312550367282544
249,injection,533.063768115942,533.063768115942,533.063768115942,29.0,28.684235057547973,1.0,0.46345463395118713,0.5234546065330505,0.6319238316786482,118798.67243303149,43726.96015081364,0.0,18365.32326334173,3.349596442252263,0.025709000000206927,-13.19871500500238
250,injection,528.2826086956521,528.2826086956521,528.2826086956521,29.0,28.684278205623784,1.0,0.4592975378036499,0.5192975401878357,0.6308128976030147,117913.90837560903,43532.294165494706,0.0,18283.563549507777,3.320819455625108,0.02691700000001518,-13.084517620254227
251,injection,523.5014492753623,523.5014492753623,523.5014492753623,29.0,28.684321231712357,1.0,0.4551404118537903,0.5151404142379761,0.6297110878068679,117029.13537748985,43334.591233833504,0.0,18200.528318210072,3.2920454492303364,0.027042000000143673,-12.969954906089765
252,injection,518.7202898550725,518.7202898550725,518.7202898550725,29.0,28.68436412204909,1.0,0.45098331570625305,0.5109832882881165,0.6286186675308905,116144.36559802147,43133.84925457262,0.0,18116.2166869205,3.263269416277498,0.02704199999992163,-12.855020802186981
253,injection,513.9391304347826,513.9391304347826,513.9391304347826,29.0,28.684406862952198,1.0,0.4468262195587158,0.5068262219429016,0.6275359550639017,115259.60154059899,42930.05740753445,0.0,18030.624111164467,3.234492966092146,0.02720800000011181,-12.739713816448194
254,injection,509.1579710144928,509.1579710144928,509.1579710144928,29.0,28.68444944082794,1.0,0.4426691234111786,0.502669095993042,0.6264633217428575,114374.83176113063,42723.194732272255,0.0,17943.741787554347,3.205718423255427,0.024542000000016273,-12.624030624376871
255,injection,504.3768115942029,504.3768115942029,504.376811594203,29.0,28.68449184217572,1.0,0.43851205706596375,0.49851205945014954,0.6254010328084404,113490.07378338191,42513.264425748755,0.0,17855.571058814476,3.1769409597911302,0.024459000000032205,-12.507966321322082
256,injection,499.59565217391304,499.59565217391304,499.595652173913,29.0,28.684534053593104,1.0,0.4343549609184265,0.4943549633026123,0.6243494595976067,112605.3068649365,42300.24437599073,0.0,17766.10263791611,3.1481669533963608,0.026999999999999247,-12.39152074589023
257,injection,494.8144927536232,494.8144927536232,494.8144927536232,29.0,28.68457606178076,1.0,0.43019789457321167,0.49019789695739746,0.6233088143029022,111720.54602616484,42084.14494932322,0.0,17675.340878715753,3.119390443606346,0.026999999999999247,-12.274688740598755
258,injection,490.03333333333336,490.03333333333336,490.0333333333334,29.0,28.68461785354727,1.0,0.4260408282279968,0.4860408306121826,0.6222795213094194,110835.7851873932,41864.945837028514,0.0,17583.277251551975,3.0906149470953186,0.026875000000092797,-12.157468313914999
259,injection,485.25217391304346,485.25217391304346,485.2521739130434,29.0,28.68465941581389,1.0,0.421883761882782,0.4818837642669678,0.6212617928097045,109951.02434862153,41642.65384053344,0.0,17489.914613024044,3.061839450584294,0.026833000000170415,-12.039857647354836
260,injection,480.4710144927536,480.4710144927536,480.4710144927536,29.0,28.68470073561917,1.0,0.4177267253398895,0.4777267277240753,0.6202560001407136,109066.26958952364,41417.26146365696,0.0,17395.249814735926,3.033062940794423,0.024374999999965397,-11.921852885302094
261,injection,475.6898550724638,475.6898550724638,475.68985507246373,29.0,28.684741800123497,1.0,0.41356968879699707,0.47356969118118286,0.6192624085431291,108181.51483042576,41188.76939669206,0.0,17299.283146610665,3.0042874442834067,0.024416000000027083,-11.803453760019522
262,injection,470.9086956521739,470.9086956521739,470.90869565217383,29.0,28.68478259661351,1.0,0.4094126522541046,0.4694126546382904,0.6182813363057704,107296.76007132788,40957.175873147644,0.0,17202.01386672201,2.9755119477723713,0.029709000000099905,-11.6846568535574
263,injection,466.12753623188405,466.12753623188405,466.127536231884,29.0,28.684823112506436,1.0,0.40525561571121216,0.46525561809539795,0.6173130486693202,106412.00531222999,40722.48589792139,0.0,17103.444077126984,2.9467364512613363,0.02716699999982808,-11.565460809720733
264,injection,461.3463768115942,461.3463768115942,461.34637681159415,29.0,28.684863335354315,1.0,0.4010985791683197,0.4610985815525055,0.6163578108744616,105527.2505531321,40484.70541460278,0.0,17003.576274133167,2.917960954750301,0.02683400000003111,-11.44586436618369
265,injection,456.5652173913044,456.5652173913044,456.56521739130443,29.0,28.68490325284808,1.0,0.39694157242774963,0.4569415748119354,0.6154159412100135,104642.50187370798,40243.83809252938,0.0,16902.41199886234,2.889184444960438,0.027375000000162686,-11.325865155218946
266,injection,451.7840579710145,451.7840579710145,451.7840579710145,29.0,28.684942852821585,1.0,0.39278456568717957,0.45278456807136536,0.6144877049166588,103757.75319428387,39999.88956661925,0.0,16799.95361798008,2.8604089484493938,0.02566599999997976,-11.205463403551695
267,injection,447.00289855072464,447.00289855072464,447.0028985507247,29.0,28.684982123255466,1.0,0.3886275589466095,0.4486275613307953,0.6135734202832168,102873.00451485974,39752.86327986645,0.0,16696.202577543907,2.8316334519383672,0.024792000000051218,-11.084656214180807
268,injection,442.2217391304348,442.2217391304348,442.2217391304348,29.0,28.68502105228094,1.0,0.38447055220603943,0.4444705545902252,0.6126732995022337,101988.25583543562,39502.774622261335,0.0,16591.16534134976,2.802857955427323,0.02712500000012774,-10.963443640757456
269,injection,437.4405797101449,437.4405797101449,437.4405797101449,29.0,28.68505962818344,1.0,0.38031357526779175,0.44031357765197754,0.6117876078143922,101103.51323568527,39249.63673159463,0.0,16484.847427269746,2.7740814456374707,0.02695899999993756,-10.841824633736628
270,injection,432.65942028985506,432.65942028985506,432.65942028985506,29.0,28.685097839406176,1.0,0.3761565685272217,0.4399999976158142,0.6109166635085117,100587.73351988419,39137.01096803325,0.0,16437.544606573967,2.6838121351348887,0.026999999999999247,-10.703407714035649
271,injection,427.8782608695652,427.8782608695652,427.87826086956517,29.0,28.685135674553564,1.0,0.371999591588974,0.4399999976158142,0.6100606787771383,100102.06070620561,39033.729604787506,0.0,16394.166434010753,2.6500188216034584,0.028667000000037746,-10.624805422826043
272,injection,423.0971014492754,423.0971014492754,423.0971014492754,29.0,28.685173122394534,1.0,0.3678426444530487,0.4399999976158142,0.6092199188609548,99616.39111117786,38928.10140120494,0.0,16349.802588506074,2.6212427886505987,0.027667000000120012,-10.550879422675898
273,injection,418.3159420289855,418.3159420289855,418.3159420289855,29.0,28.68521017186573,1.0,0.363685667514801,0.4399999976158142,0.608394649000644,99130.71829749929,38820.11973371049,0.0,16304.450288158405,2.5924678285813663,0.02483299999989086,-10.47661045040618
274,injection,413.53478260869565,413.53478260869565,413.5347826086957,29.0,28.685246812074606,1.0,0.6791098117828369,0.0,0.5283192295520891,90919.80680298117,42885.12452180537,800.0,18811.752299158252,15.2065013058597,0.02658300000013547,-23.57342971809071
275,injection,408.7536231884058,408.7536231884058,408.75362318840575,29.0,28.68528303230236,1.0,0.6712577939033508,0.0,0.5275256294292987,90035.06956764884,42539.26282326419,0.0,17866.490385770958,2.6014275725017533,0.027333999999878955,-10.665596912793818
276,injection,403.9724637681159,403.9724637681159,403.972463768116,29.0,28.68531882200682,1.0,0.6634057760238647,0.0,0.5267482089881561,89150.33233231652,42190.55444556989,0.0,17720.032867139354,2.5726520759907054,0.027292000000178618,-10.53366441865698
277,injection,399.1913043478261,399.1913043478261,399.1913043478261,29.0,28.685354170825143,1.0,0.6555537581443787,0.0,0.5259872334693441,88265.5950969842,41839.01892139618,0.0,17572.387946986393,2.5438765794796603,0.02733300000001826,-10.401334095415885
278,injection,394.41014492753624,394.41014492753624,394.41014492753624,29.0,28.68538906857645,1.0,0.6477017998695374,0.0,0.5252429150654087,87380.86429895351,41484.68441363627,0.0,17423.56745372723,2.5151000100851633,0.027416999999863023,-10.268606737570389
279,injection,389.6289855072464,389.6289855072464,389.6289855072464,29.0,28.685423505264307,1.0,0.639849841594696,0.0,0.5245154659688964,86496.13350092282,41127.57373317842,0.0,17273.580967934937,2.486324513574128,0.024540999999933533,-10.135484750186595
280,injection,384.8478260869565,384.8478260869565,384.8478260869565,29.0,28.68545747107913,1.0,0.6319978833198547,0.0,0.5238050983723532,85611.40270289214,40767.713488308575,0.0,17122.4396650896,2.4575490170630925,0.02470799999998441,-10.001968235861822
281,injection,380.06666666666666,380.06666666666666,380.06666666666666,29.0,28.685490956400418,1.0,0.6241459250450134,0.0,0.5231119714201888,84726.67190486145,40405.13553283785,0.0,16970.156923791896,2.428773520552057,0.02737499999994064,-9.868059265966307
282,injection,375.2855072463768,375.2855072463768,375.28550724637677,29.0,28.685523951798938,1.0,0.6162940263748169,0.0,0.5224364034012225,83841.94754413239,40039.8620150219,0.0,16816.7420463092,2.39999695115744,0.02725000000003419,-9.733757290862105
283,injection,370.5043478260869,370.5043478260869,370.50434782608687,29.0,28.685556448038735,1.0,0.6084421277046204,0.0,0.5217785534598639,82957.22318340334,39671.92327172006,0.0,16662.207774122424,2.371221454646549,0.02733300000001826,-9.599065839549787
284,injection,365.7231884057971,365.7231884057971,365.72318840579703,29.0,28.685588436079072,1.0,0.600590169429779,0.0,0.5211385807405229,82072.49238537267,39301.35018582218,0.0,16506.567078045315,2.34244703101912,0.027167000000050123,-9.463986349865399
285,injection,360.94202898550725,360.94202898550725,360.94202898550725,29.0,28.685619907076227,1.0,0.5927383303642273,0.0,0.5205166974357455,81187.77446194524,38928.18222685535,0.0,16349.836535279246,2.313669388740848,0.024374999999965397,-9.328518601204935
286,injection,356.1608695652174,356.1608695652174,356.16086956521735,29.0,28.685650852385198,1.0,0.5848864316940308,0.0,0.519913062689941,80303.05010121618,38552.4453797491,0.0,16192.027059494621,2.2848949651134443,0.02470799999998441,-9.192668906026782
287,injection,351.3797101449275,351.3797101449275,351.37971014492746,29.0,28.68568126356129,1.0,0.5770345330238342,0.0,0.5193279417437928,79418.32574048714,38174.170096941874,0.0,16033.151440715586,2.256119468602409,0.027167000000050123,-9.05643469779731
288,injection,346.5985507246377,346.5985507246377,346.5985507246377,29.0,28.685711132361586,1.0,0.5691826939582825,0.0,0.5187613876454372,78533.60781705973,37793.40444907927,0.0,15873.229868613294,2.227342899207886,0.027041000000060933,-8.919820948686063
289,injection,341.81739130434784,341.81739130434784,341.81739130434784,29.0,28.685740450746327,1.0,0.5613308548927307,0.0,0.5182136656355567,77648.88989363231,37410.17402932138,0.0,15712.27309231498,2.1985674026968507,0.027249999999812147,-8.78282997064945
290,injection,337.036231884058,337.036231884058,337.03623188405794,29.0,28.685769210880153,1.0,0.553479015827179,0.0,0.5176848287622882,76764.17197020489,37024.52474873053,0.0,15550.300394466823,2.1697919061858424,0.02733300000001826,-8.645464910573285
291,injection,332.2550724637681,332.2550724637681,332.2550724637681,29.0,28.685797405133286,1.0,0.5456271767616272,0.0,0.5171751953144508,75879.45404677748,36636.48257978144,0.0,15387.322683508204,2.14101640967478,0.024915999999874927,-8.507726137683225
292,injection,327.47391304347826,327.47391304347826,327.4739130434782,29.0,28.685825026082565,1.0,0.5377753973007202,0.0,0.5166847652920445,74994.74256065169,36246.10160256407,0.0,15223.36267307691,2.112239840280311,0.02524999999997668,-8.369618523546713
293,injection,322.6927536231884,322.6927536231884,322.6927536231884,29.0,28.68585206651239,1.0,0.5299235582351685,0.0,0.5162137508876157,74110.02463722428,35853.410840869125,0.0,15058.432553165032,2.0834654166528535,0.027042000000143673,-8.231145630961812
294,injection,317.9115942028985,317.9115942028985,317.9115942028985,29.0,28.68587851941558,1.0,0.5220717787742615,0.0,0.5157622581974373,73225.3131510985,35458.46028307344,0.0,14892.553318890843,2.054688847258212,0.027207999999889765,-8.092308497441703
295,injection,313.1304347826087,313.1304347826087,313.13043478260875,29.0,28.685904377994124,1.0,0.5142199993133545,0.0,0.5153304994140555,72340.60166497272,35061.28328104907,0.0,14725.73897804061,2.0259133507471896,0.027167000000050123,-7.9531116550347685
296,injection,308.34927536231885,308.34927536231885,308.34927536231885,29.0,28.68592963565981,1.0,0.5063682794570923,0.0,0.514918527585607,71455.89661614857,34661.931543251994,0.0,14558.011248165838,1.9971367813525354,0.0275839999999139,-7.813558293924201
297,injection,303.568115942029,303.568115942029,303.568115942029,29.0,28.68595428603481,1.0,0.4985164999961853,0.0,0.5145265018565013,70571.18513002279,34260.44011320462,0.0,14389.38484754594,1.9683623577252503,0.026249999999894413,-7.673652950218769
298,injection,298.7869565217391,298.7869565217391,298.7869565217391,29.0,28.685978322952103,1.0,0.4906647503376007,0.0,0.514154475274875,69686.47686254783,33856.862917529834,0.0,14219.88242536253,1.9395863247724119,0.024666999999922723,-7.53339769481359
299,injection,294.0057971014493,294.0057971014493,294.0057971014493,29.0,28.68600174045587,1.0,0.4828130006790161,0.0,0.5138026600332743,68801.76859507288,33451.236875930634,0.0,14049.519487890866,1.9108108282613765,0.026999999999999247,-7.392796611877593
300,injection,289.22463768115944,289.22463768115944,289.2246376811595,29.0,28.686024532801756,1.0,0.4749612808227539,0.0,0.5134710561316993,67917.06354624873,33043.61719779266,0.0,13878.319223072915,1.8820347953085519,0.027167000000050123,-7.2518544176866495
301,injection,284.44347826086954,284.44347826086954,284.4434782608695,29.0,28.68604669445707,1.0,0.4671095609664917,0.0,0.5131598757626961,67032.35849742458,32634.041738805674,0.0,13706.297530298383,1.853259298797679,0.02745900000000745,-7.110574217124755
302,injection,279.6623188405797,279.6623188405797,279.6623188405797,29.0,28.68606822010086,1.0,0.4592578709125519,0.0,0.5128690658781281,66147.65666725126,32222.56978229097,0.0,13533.479308562208,1.8244832658448087,0.02737499999994064,-6.968961505197946
303,injection,274.88115942028986,274.88115942028986,274.88115942028986,29.0,28.686089104623967,1.0,0.4514061510562897,0.0,0.5125988386705417,65262.95161842711,31809.23841060963,0.0,13359.880132456043,1.7957083057755763,0.026999999999999247,-6.827019577678341
304,injection,270.1,270.1,270.1,29.0,28.686109343128923,1.0,0.44355446100234985,0.0,0.5123492471880731,64378.24978825379,31394.101973956233,0.0,13185.522829061618,1.766932272822738,0.024499999999871847,-6.684751888922998
305,balance,0.0,0.0,0.0,18.0,20.4,1.0,0.0,0.0,0.386043888792571,7920.000000000001,4862.532400762839,900.0,2942.2636083203924,7.983980298042297,0.017833000000022636,-6.652926316570584
306,balance,0.0,0.0,0.0,18.0,20.4,1.0,0.0,0.0,0.38581901310345224,7920.000000000001,4864.313416220659,0.0,2043.0116348126767,0.0,0.019292000000170617,1.5543017501020997
307,balance,0.0,0.0,0.0,18.0,20.4,1.0,0.0,0.0,0.3856166324940169,7920.000000000001,4865.916270647387,0.0,2043.6848336719024,0.0,0.019167000000042123,1.5527248003933793
308,balance,0.0,0.0,0.0,18.0,20.4,1.0,0.0,0.0,0.3854368073313097,7920.000000000001,4867.340485936027,0.0,2044.2830040931312,0.0,0.019207999999881764,1.551323602725565
309,balance,0.0,0.0,0.0,18.0,20.4,1.0,0.0,0.0,0.3852796336417264,7920.000000000001,4868.585301557528,0.0,2044.8058266541616,0.0,0.01920800000010381,1.5500989053363319
310,balance,0.0,0.0,0.0,18.0,20.4,1.0,0.0,0.0,0.38514512140350377,7920.000000000001,4869.6506384842505,0.0,2045.2532681633852,0.0,0.01937499999993264,1.5490507859761011
311,balance,0.0,0.0,0.0,18.0,20.4,1.0,0.0,0.0,0.38503331628901627,7920.000000000001,4870.536134990992,0.0,2045.6251766962164,0.0,0.019124999999897696,1.5481796005240147
312,balance,0.0,0.0,0.0,18.0,20.4,1.0,0.0,0.0,0.3849442360809192,7920.000000000001,4871.241650239121,0.0,2045.9214931004306,0.0,0.01729199999989106,1.5474854875425224
313,balance,0.0,0.0,0.0,18.0,20.4,1.0,0.0,0.0,0.3848778707092837,7920.000000000001,4871.767263982474,0.0,2046.1422508726391,0.0,0.01724999999996868,1.5469683685667384
314,balance,0.0,0.0,0.0,18.0,20.4,1.0,0.0,0.0,0.3848342747929294,7920.000000000001,4872.11254364,0.0,2046.2872683287999,0.0,0.022041999999888873,1.5466286691865059
315,balance,0.0,0.0,0.0,18.0,20.4,1.0,0.0,0.0,0.3848134351435366,7920.000000000001,4872.277593663191,0.0,2046.35658933854,0.0,0.019165999999959382,1.546466286638437
316,balance,0.0,0.0,0.0,18.0,20.4,1.0,0.0,0.0,0.3848154377409898,7920.000000000001,4872.261733091362,0.0,2046.3499278983718,0.0,0.019082999999975314,1.5464818908777924
317,balance,0.0,0.0,0.0,18.0,20.4,1.0,0.0,0.0,0.38484014851804643,7920.000000000001,4872.066023737073,0.0,2046.2677299695706,0.0,0.01949999999983909,1.5466744372526176
318,balance,0.0,0.0,0.0,18.0,20.4,1.0,0.0,0.0,0.3848876448850902,7920.000000000001,4871.689852510086,0.0,2046.109738054236,0.0,0.019208999999964504,1.5470445289446226
319,balance,0.0,0.0,0.0,18.0,20.4,1.0,0.0,0.0,0.38495790574383193,7920.000000000001,4871.133386508852,0.0,2045.8760223337176,0.0,0.01887499999986275,1.5475920015559381
320,extraction,754.4961538461538,754.9626774954479,754.9626774954478,6.4,11.626493302997392,0.9930096048380052,0.628554105758667,0.0,0.47249271385734204,89881.95678510108,47413.38709690033,3200.0,23113.62258069814,11.357472619660157,0.027041000000060933,-21.081525397773888
321,extraction,745.2051282051282,745.6599547876613,745.6599547876613,6.4,11.588094152902201,0.9861053459973786,0.620807409286499,0.0,0.47260953211001316,87173.86865571114,45974.66737811575,0.0,19309.360298808613,0.18259070760987497,0.024459000000032205,-8.736279775293953
322,extraction,735.9141025641024,736.3573872859556,736.3573872859555,6.4,11.550175646399305,0.9792872220410272,0.6130609512329102,0.0,0.47274921679125725,86265.80746751043,45483.71455137948,0.0,19103.160111579382,0.18223317313468101,0.026540999999991044,-8.61017739969303
323,extraction,726.6230769230768,727.0549746318305,727.0549746318306,6.4,11.512737768065518,0.972555231535177,0.6053146123886108,0.0,0.4729117389928206,85357.76034314244,44991.07346273453,0.0,18896.250854348502,0.18187314828902723,0.02704199999992163,-8.483745016874606
324,extraction,717.3320512820512,717.7527165220826,717.7527165220826,6.4,11.475780501658937,0.9659093730488614,0.5975684523582458,0.0,0.4730970698064496,84449.73371758015,44496.81214985805,0.0,18688.66110294038,0.18150748108096987,0.02725000000003419,-8.356987017219975
325,extraction,708.0410256410255,708.4506125819197,708.4506125819197,6.4,11.439303832220576,0.9593496451545843,0.5898224711418152,0.0,0.4733051514156372,83541.72758794518,44000.99756240887,0.0,18480.418976211724,0.1811373035453445,0.026999999999999247,-8.229911632205535
326,extraction,698.7499999999999,699.148662491847,699.148662491847,6.4,11.403307743978466,0.952876046427808,0.5820766091346741,0.0,0.47353592600387634,82633.73551448219,43503.693048472465,0.0,18271.551080358433,0.18076375245845666,0.02720800000011181,-8.10252620148542
327,extraction,689.4589743589743,689.846865912184,689.8468659121841,6.4,11.367792221608378,0.9464885754471396,0.5743309855461121,0.0,0.47378930684640613,81725.77036918567,43004.974274480635,0.0,18062.089195281867,0.1803836704602519,0.02450000000009389,-7.974836814082279
328,extraction,680.1679487179487,680.5452225559516,680.5452225559516,6.4,11.332757248976154,0.9401872307938438,0.5665854811668396,0.0,0.47406520721846596,80817.81927524839,42504.90303358323,0.0,17852.059274104955,0.1800014151324729,0.02429199999998133,-7.8468535408989
329,extraction,670.876923076923,671.2437320684755,671.2437320684755,6.4,11.298202811238973,0.9339720110524691,0.5588401556015015,0.0,0.4743635693035486,79909.88866724804,42003.54865640307,0.0,17641.49043568929,0.1796138263732475,0.026999999999999247,-7.7185810958260515
330,extraction,661.5858974358973,661.9423941708891,661.942394170889,6.4,11.26412889232914,0.927842914810146,0.5510950088500977,0.0,0.4746843063768935,79001.97854304298,41500.979155936395,0.0,17430.411245493284,0.17922204282025747,0.02691700000001518,-7.590028025695891
331,extraction,652.2948717948717,652.6412085413584,652.6412085413584,6.4,11.230535477053968,0.9217999406569853,0.5433499813079834,0.0,0.4750273317137399,78094.08246285983,40997.25884789476,0.0,17218.848716115797,0.1788271980726392,0.02683299999994837,-7.461201966104255
332,extraction,643.0038461538461,643.3401748632417,643.3401748632418,6.4,11.197422550259521,0.9158430871860294,0.5356051325798035,0.0,0.47539250077281986,77186.20686156847,40492.46295647925,0.0,17006.834441721283,0.17842720693220648,0.02695899999993756,-7.332109902301098
333,extraction,633.7128205128204,634.0392928693532,634.0392928693532,6.4,11.164790095991993,0.9099723529927946,0.5278605222702026,0.0,0.4757797557376265,76278.35817441852,39986.65955412649,0.0,16794.397012733127,0.17802213473366008,0.024416000000027083,-7.202759647851134
334,extraction,624.4217948717948,624.7385622078725,624.7385622078725,6.4,11.132638100018713,0.904187736676055,0.5201159715652466,0.0,0.47618895206689166,75370.5170868031,39479.90953849858,0.0,16581.562006169403,0.1776163284044387,0.024333000000043015,-7.073161041686312
335,extraction,615.1307692307691,615.4379826636657,615.4379826636658,6.4,11.100966545632208,0.8984892368365767,0.5123716592788696,0.0,0.4474093691348102,74462.70290897487,41147.39197639762,0.0,17281.904630087,0.17720342060458766,0.026874999999870752,-7.365302276715251
336,extraction,605.8397435897435,606.1375538946468,606.1375538946468,6.4,11.069775418687888,0.8928768520782929,0.504627525806427,0.0,0.4478620723856963,73554.90920100501,40612.45513210118,0.0,17057.231155482496,0.17678775800350258,0.026999999999999247,-7.232574531264164
337,extraction,596.5487179487179,596.8372756706884,596.8372756706885,6.4,11.039064702990188,0.887350581007268,0.49688348174095154,0.0,0.4483363701019982,72647.12630517365,40076.77739917071,0.0,16832.246507651696,0.17636994429509512,0.02670900000012466,-7.099620285595982
338,extraction,587.2576923076922,587.5371476604125,587.5371476604125,6.4,11.008834384490662,0.8819104222326346,0.4891396462917328,0.0,0.44883208883419456,71739.36709353911,39540.437109302875,0.0,16606.983585907208,0.17594627926172854,0.02708300000020536,-6.966445959480913
339,extraction,577.9666666666666,578.2371696209701,578.2371696209701,6.4,10.979084447513435,0.8765563743657737,0.48139598965644836,0.0,0.4493490840410174,70831.62834558547,39003.50102736287,0.0,16381.470431492406,0.17551950965398366,0.02520900000013704,-6.8330617195686045
340,extraction,568.675641025641,568.937341272386,568.937341272386,6.4,10.949814877273537,0.8712884360206591,0.4736524820327759,0.0,0.44988721118119906,69923.90684051171,38466.03539713993,0.0,16155.73486679877,0.17508969499425767,0.024374999999965397,-6.699474993149167
341,extraction,559.3846153846152,559.6376623594128,559.6376623594128,6.4,10.921025658620128,0.8661066058136275,0.46590912342071533,0.0,0.45044629680521814,69016.20257635755,37928.10970627854,0.0,15929.806076636987,0.17465636068971768,0.026749999999964302,-6.565693468377508
342,extraction,550.0935897435896,550.3381326499101,550.33813264991,6.4,10.892716776037073,0.8610108823631654,0.4581659436225891,0.0,0.4510261674635529,68108.51876999093,37389.79457754246,0.0,15703.713722567833,0.17421903448486697,0.0275839999999139,-6.431725217493487
343,extraction,540.802564102564,541.0387518387823,541.0387518387823,6.4,10.864888215743898,0.8560012642905841,0.4504229426383972,0.0,0.4516266786149359,67200.85541906874,36851.15628607221,0.0,15477.485640150328,0.17377830708750866,0.02691599999993244,-6.2975784703125735
344,extraction,531.5115384615384,531.7395197029743,531.7395197029743,6.4,10.837539962340491,0.8510777502192602,0.44268009066581726,0.0,0.45224765680984547,66293.20930322711,36312.260733438,0.0,15251.14950804396,0.17333477888126764,0.027333999999878955,-6.163261363158409
345,extraction,522.2205128205128,522.4404360037877,522.4404360037877,6.4,10.810672000905006,0.8462403387747808,0.43493738770484924,0.0,0.45288887078225315,65385.5804206328,35773.17873849021,0.0,15024.735070165889,0.17288797481078197,0.026999999999999247,-6.028782121570098
346,extraction,512.9294871794871,513.1415005064179,513.141500506418,6.4,10.78428431657619,0.8414890285849065,0.42719486355781555,0.0,0.4535501759908911,64477.97198813337,35233.97644537974,0.0,14798.27010705949,0.17243741971206134,0.024374999999965397,-5.894148164658246
347,extraction,503.63846153846146,503.84271294477577,503.8427129447758,6.4,10.758376895394754,0.8368238182798623,0.4194525182247162,0.0,0.4542313700779843,63570.38400368523,34694.72138130771,0.0,14571.782980149237,0.17198370629201493,0.02562500000014012,-5.759368254183998
348,extraction,494.34743589743584,494.54407311105643,494.5440731110564,6.4,10.732949722206424,0.8322447064917969,0.41171032190322876,0.0,0.4549322217775042,62662.81324704162,34155.48039373615,0.0,14345.301765369182,0.17152743449559338,0.02695899999993756,-5.624451025346814
349,extraction,485.0564102564102,485.24558076617,485.24558076617006,6.4,10.70800278276053,0.8277516918550731,0.40396827459335327,0.0,0.45565255763992957,61755.259716366345,33616.31767888591,0.0,14118.853425132083,0.1710681263839941,0.026999999999999247,-5.489403633823607
350,extraction,475.7653846153845,475.9472357094502,475.9472357094501,6.4,10.6835360620331,0.8233447730059116,0.3962264060974121,0.0,0.45639214639923154,60847.72662876909,33077.30206915148,0.0,13892.466869043623,0.17060530881489186,0.026875000000092797,-5.354234376666177
351,extraction,466.4743589743589,466.6490376939525,466.6490376939525,6.4,10.659549546326167,0.8190239485828195,0.3884846866130829,0.0,0.45715078569763534,59940.210763702504,32538.496318194044,0.0,13666.168453641498,0.17014011052295913,0.02695899999993756,-5.218951806100791
352,extraction,457.1833333333333,457.35098651115567,457.3509865111557,6.4,10.63604322117169,0.8147892172262347,0.380743145942688,0.0,0.4579282442691124,59032.715338215974,31999.967648948434,0.0,13439.98641255834,0.16967151926852223,0.024333000000043015,-5.0835635191309105
353,extraction,447.8923076923076,448.0530819564325,448.0530819564325,6.4,10.613017072170935,0.81064057757849,0.37300175428390503,0.0,0.4587242619393806,58125.237132087146,31461.78062861899,0.0,13213.947864019976,0.16920066848436052,0.024540999999933533,-4.948078658777858
354,extraction,438.60128205128194,438.75532384436747,438.75532384436747,6.4,10.59047108457568,0.8065780282836347,0.3652605414390564,0.0,0.4595386363506649,57217.77936254283,30923.999059266684,0.0,12988.079604892007,0.16872654819497246,0.02704199999992163,-4.8125042798788895
355,extraction,429.31025641025633,429.4577119471608,429.4577119471608,6.4,10.568405244968128,0.8026015679878277,0.3575194776058197,0.0,0.4603711073286831,56310.33880918272,30386.685777545954,0.0,12762.408026569301,0.16825028675242906,0.026750000000186347,-4.676849347304803
356,extraction,420.0192307692307,420.16024607284004,420.16024607284004,6.4,10.546819539164822,0.798711195339005,0.35,0.0,0.4612214436074069,55426.830689839415,29862.787824488354,0.0,12542.370886285109,0.16378553809944563,0.026999999999999247,-4.540416772783051
357,extraction,410.72820512820505,410.86292601898214,410.8629260189821,6.4,10.525713953475728,0.7949069089869775,0.35,0.0,0.46208938501255403,55355.427271825785,29776.271926680645,0.0,12506.03420920587,0.027956185039860294,0.02958299999988867,-4.383909955272196
358,extraction,401.4371794871794,401.5657516163959,401.56575161639586,6.4,10.505088473446442,0.791188707583122,0.35,0.0,0.46297470027809595,55284.02497241392,29688.920080643813,0.0,12469.346433870402,0.027474931831360034,0.027541000000130822,-4.3625461189835635
359,extraction,392.14615384615377,392.2687226847906,392.2687226847906,6.4,10.484943085117225,0.787556589780485,0.35,0.0,0.46387707141324336,55212.62379021919,29600.753561371144,0.0,12432.31649577588,0.02699124158270164,0.027915999999850172,-4.340979080345378
360,extraction,382.85512820512815,382.971839021027,382.97183902102694,6.4,10.465277775444461,0.784010554233994,0.35,0.0,0.46479626715196787,55141.22372368148,29511.788770722796,0.0,12394.951283703575,0.026505169323926103,0.028291999999874307,-4.319212153305887
361,extraction,373.5641025641025,373.6751004675955,373.6751004675955,6.4,10.446092530203925,0.7805505996000348,0.35,0.0,0.4657320273199872,55069.824771591135,29422.043636561546,0.0,12357.258327355848,0.02601677734629993,0.0279579999999946,-4.297249014061805
362,extraction,364.2730769230768,364.378506850499,364.3785068504989,6.4,10.427387335878693,0.7771767245366042,0.35,0.0,0.46668406283476577,54998.42693261183,29331.53760217954,0.0,12319.245792915406,0.025526124193440754,0.027791000000165766,-4.275093688952353
363,extraction,354.9820512820512,355.08205800648227,355.08205800648227,6.4,10.409162178821466,0.7738889277032109,0.35,0.0,0.4676520557055142,54927.030205489784,29240.291616093615,0.0,12280.922478759318,0.025033269555752843,0.028083000000123093,-4.252750558350662
364,extraction,345.6910256410256,345.7857537641105,345.7857537641105,6.4,10.3914170458847,0.7706872077609507,0.35,0.0,0.468635774666204,54855.63458890837,29148.32177852908,0.0,12242.295146982213,0.02453827059953955,0.02787500000001053,-4.2302229081980505
365,extraction,336.4,336.489593974764,336.4895939747639,6.4,10.374151923372718,0.7675715633722955,0.35,0.0,0.4696349017260459,54784.24008172619,29055.648874808605,0.0,12203.372527419613,0.024041188089454348,0.028333000000158037,-4.207515103631843
